hash_id,dc_name,year,month,last_expected_date,frequency,entity,domain,dataset_name,group,cleansed_table
2026_01_dataContract__kiwa__csrd_esg_soc__injuries,dataContract__kiwa__csrd_esg_soc__injuries,2026,1,15/01/2026,monthly,kiwa,csrd_esg_soc,injuries,Kiwa,cu__injuries
2026_02_dataContract__kiwa__csrd_esg_soc__injuries,dataContract__kiwa__csrd_esg_soc__injuries,2026,2,15/02/2026,monthly,kiwa,csrd_esg_soc,injuries,Kiwa,cu__injuries
2026_03_dataContract__kiwa__csrd_esg_soc__injuries,dataContract__kiwa__csrd_esg_soc__injuries,2026,3,15/03/2026,monthly,kiwa,csrd_esg_soc,injuries,Kiwa,cu__injuries
2026_04_dataContract__kiwa__csrd_esg_soc__injuries,dataContract__kiwa__csrd_esg_soc__injuries,2026,4,15/04/2026,monthly,kiwa,csrd_esg_soc,injuries,Kiwa,cu__injuries
2026_05_dataContract__kiwa__csrd_esg_soc__injuries,dataContract__kiwa__csrd_esg_soc__injuries,2026,5,15/05/2026,monthly,kiwa,csrd_esg_soc,injuries,Kiwa,cu__injuries
2026_06_dataContract__kiwa__csrd_esg_soc__injuries,dataContract__kiwa__csrd_esg_soc__injuries,2026,6,15/06/2026,monthly,kiwa,csrd_esg_soc,injuries,Kiwa,cu__injuries
2026_07_dataContract__kiwa__csrd_esg_soc__injuries,dataContract__kiwa__csrd_esg_soc__injuries,2026,7,15/07/2026,monthly,kiwa,csrd_esg_soc,injuries,Kiwa,cu__injuries
2026_08_dataContract__kiwa__csrd_esg_soc__injuries,dataContract__kiwa__csrd_esg_soc__injuries,2026,8,15/08/2026,monthly,kiwa,csrd_esg_soc,injuries,Kiwa,cu__injuries
2026_09_dataContract__kiwa__csrd_esg_soc__injuries,dataContract__kiwa__csrd_esg_soc__injuries,2026,9,15/09/2026,monthly,kiwa,csrd_esg_soc,injuries,Kiwa,cu__injuries
2026_10_dataContract__kiwa__csrd_esg_soc__injuries,dataContract__kiwa__csrd_esg_soc__injuries,2026,10,15/10/2026,monthly,kiwa,csrd_esg_soc,injuries,Kiwa,cu__injuries
2026_11_dataContract__kiwa__csrd_esg_soc__injuries,dataContract__kiwa__csrd_esg_soc__injuries,2026,11,15/11/2026,monthly,kiwa,csrd_esg_soc,injuries,Kiwa,cu__injuries
2026_12_dataContract__kiwa__csrd_esg_soc__injuries,dataContract__kiwa__csrd_esg_soc__injuries,2026,12,15/12/2026,monthly,kiwa,csrd_esg_soc,injuries,Kiwa,cu__injuries
2026_01_dataContract__kiwa__csrd_esg_soc__psif,dataContract__kiwa__csrd_esg_soc__psif,2026,1,15/01/2026,monthly,kiwa,csrd_esg_soc,psif,Kiwa,cu__psif
2026_02_dataContract__kiwa__csrd_esg_soc__psif,dataContract__kiwa__csrd_esg_soc__psif,2026,2,15/02/2026,monthly,kiwa,csrd_esg_soc,psif,Kiwa,cu__psif
2026_03_dataContract__kiwa__csrd_esg_soc__psif,dataContract__kiwa__csrd_esg_soc__psif,2026,3,15/03/2026,monthly,kiwa,csrd_esg_soc,psif,Kiwa,cu__psif
2026_04_dataContract__kiwa__csrd_esg_soc__psif,dataContract__kiwa__csrd_esg_soc__psif,2026,4,15/04/2026,monthly,kiwa,csrd_esg_soc,psif,Kiwa,cu__psif
2026_05_dataContract__kiwa__csrd_esg_soc__psif,dataContract__kiwa__csrd_esg_soc__psif,2026,5,15/05/2026,monthly,kiwa,csrd_esg_soc,psif,Kiwa,cu__psif
2026_06_dataContract__kiwa__csrd_esg_soc__psif,dataContract__kiwa__csrd_esg_soc__psif,2026,6,15/06/2026,monthly,kiwa,csrd_esg_soc,psif,Kiwa,cu__psif
2026_07_dataContract__kiwa__csrd_esg_soc__psif,dataContract__kiwa__csrd_esg_soc__psif,2026,7,15/07/2026,monthly,kiwa,csrd_esg_soc,psif,Kiwa,cu__psif
2026_08_dataContract__kiwa__csrd_esg_soc__psif,dataContract__kiwa__csrd_esg_soc__psif,2026,8,15/08/2026,monthly,kiwa,csrd_esg_soc,psif,Kiwa,cu__psif
2026_09_dataContract__kiwa__csrd_esg_soc__psif,dataContract__kiwa__csrd_esg_soc__psif,2026,9,15/09/2026,monthly,kiwa,csrd_esg_soc,psif,Kiwa,cu__psif
2026_10_dataContract__kiwa__csrd_esg_soc__psif,dataContract__kiwa__csrd_esg_soc__psif,2026,10,15/10/2026,monthly,kiwa,csrd_esg_soc,psif,Kiwa,cu__psif
2026_11_dataContract__kiwa__csrd_esg_soc__psif,dataContract__kiwa__csrd_esg_soc__psif,2026,11,15/11/2026,monthly,kiwa,csrd_esg_soc,psif,Kiwa,cu__psif
2026_12_dataContract__kiwa__csrd_esg_soc__psif,dataContract__kiwa__csrd_esg_soc__psif,2026,12,15/12/2026,monthly,kiwa,csrd_esg_soc,psif,Kiwa,cu__psif
2026_01_dataContract__kiwa__csrd_esg_soc__health_safety,dataContract__kiwa__csrd_esg_soc__health_safety,2026,1,15/01/2026,monthly,kiwa,csrd_esg_soc,health_safety,Kiwa,cu__health_safety
2026_02_dataContract__kiwa__csrd_esg_soc__health_safety,dataContract__kiwa__csrd_esg_soc__health_safety,2026,2,15/02/2026,monthly,kiwa,csrd_esg_soc,health_safety,Kiwa,cu__health_safety
2026_03_dataContract__kiwa__csrd_esg_soc__health_safety,dataContract__kiwa__csrd_esg_soc__health_safety,2026,3,15/03/2026,monthly,kiwa,csrd_esg_soc,health_safety,Kiwa,cu__health_safety
2026_04_dataContract__kiwa__csrd_esg_soc__health_safety,dataContract__kiwa__csrd_esg_soc__health_safety,2026,4,15/04/2026,monthly,kiwa,csrd_esg_soc,health_safety,Kiwa,cu__health_safety
2026_05_dataContract__kiwa__csrd_esg_soc__health_safety,dataContract__kiwa__csrd_esg_soc__health_safety,2026,5,15/05/2026,monthly,kiwa,csrd_esg_soc,health_safety,Kiwa,cu__health_safety
2026_06_dataContract__kiwa__csrd_esg_soc__health_safety,dataContract__kiwa__csrd_esg_soc__health_safety,2026,6,15/06/2026,monthly,kiwa,csrd_esg_soc,health_safety,Kiwa,cu__health_safety
2026_07_dataContract__kiwa__csrd_esg_soc__health_safety,dataContract__kiwa__csrd_esg_soc__health_safety,2026,7,15/07/2026,monthly,kiwa,csrd_esg_soc,health_safety,Kiwa,cu__health_safety
2026_08_dataContract__kiwa__csrd_esg_soc__health_safety,dataContract__kiwa__csrd_esg_soc__health_safety,2026,8,15/08/2026,monthly,kiwa,csrd_esg_soc,health_safety,Kiwa,cu__health_safety
2026_09_dataContract__kiwa__csrd_esg_soc__health_safety,dataContract__kiwa__csrd_esg_soc__health_safety,2026,9,15/09/2026,monthly,kiwa,csrd_esg_soc,health_safety,Kiwa,cu__health_safety
2026_10_dataContract__kiwa__csrd_esg_soc__health_safety,dataContract__kiwa__csrd_esg_soc__health_safety,2026,10,15/10/2026,monthly,kiwa,csrd_esg_soc,health_safety,Kiwa,cu__health_safety
2026_11_dataContract__kiwa__csrd_esg_soc__health_safety,dataContract__kiwa__csrd_esg_soc__health_safety,2026,11,15/11/2026,monthly,kiwa,csrd_esg_soc,health_safety,Kiwa,cu__health_safety
2026_12_dataContract__kiwa__csrd_esg_soc__health_safety,dataContract__kiwa__csrd_esg_soc__health_safety,2026,12,15/12/2026,monthly,kiwa,csrd_esg_soc,health_safety,Kiwa,cu__health_safety
2026_01_dataContract__kiwa__csrd_esg_env__trcf_targets,dataContract__kiwa__csrd_esg_env__trcf_targets,2026,1,15/01/2026,yearly,kiwa,csrd_esg_env,trcf_targets,Kiwa,cu__trcf_targets
2026_01_dataContract__kiwa__csrd_esg_soc__age_diversity,dataContract__kiwa__csrd_esg_soc__age_diversity,2026,1,15/01/2026,yearly,kiwa,csrd_esg_soc,age_diversity,Kiwa,cu__age_diversity
2026_01_dataContract__kiwa__csrd_esg_soc__performance_reviews,dataContract__kiwa__csrd_esg_soc__performance_reviews,2026,1,15/01/2026,yearly,kiwa,csrd_esg_soc,performance_reviews,Kiwa,cu__performance_reviews
2026_01_dataContract__kiwa__csrd_esg_soc__days_lost_injuries,dataContract__kiwa__csrd_esg_soc__days_lost_injuries,2026,1,15/01/2026,yearly,kiwa,csrd_esg_soc,days_lost_injuries,Kiwa,cu__days_lost_injuries
2026_01_dataContract__kiwa__csrd_esg_soc__ill_health,dataContract__kiwa__csrd_esg_soc__ill_health,2026,1,15/01/2026,yearly,kiwa,csrd_esg_soc,ill_health,Kiwa,cu__ill_health
2026_01_dataContract__kiwa__csrd_esg_soc__employee_characteristics,dataContract__kiwa__csrd_esg_soc__employee_characteristics,2026,1,15/01/2026,yearly,kiwa,csrd_esg_soc,employee_characteristics,Kiwa,cu__employee_characteristics
2026_01_dataContract__kiwa__csrd_esg_soc__training_hours,dataContract__kiwa__csrd_esg_soc__training_hours,2026,1,15/01/2026,yearly,kiwa,csrd_esg_soc,training_hours,Kiwa,cu__training_hours
2026_01_dataContract__kiwa__csrd_esg_env__ghg_baseline,dataContract__kiwa__csrd_esg_env__ghg_baseline,2026,1,15/01/2026,yearly,kiwa,csrd_esg_env,ghg_baseline,Kiwa,cu__ghg_baseline
2026_01_dataContract__kiwa__csrd_esg_env__decarbonization,dataContract__kiwa__csrd_esg_env__decarbonization,2026,1,15/01/2026,yearly,kiwa,csrd_esg_env,decarbonization,Kiwa,cu__decarbonization
2026_01_dataContract__kiwa__csrd_esg_env__capex_plan,dataContract__kiwa__csrd_esg_env__capex_plan,2026,1,15/01/2026,quarterly,kiwa,csrd_esg_env,capex_plan,Kiwa,cu__capex_plan
2026_04_dataContract__kiwa__csrd_esg_env__capex_plan,dataContract__kiwa__csrd_esg_env__capex_plan,2026,4,15/04/2026,quarterly,kiwa,csrd_esg_env,capex_plan,Kiwa,cu__capex_plan
2026_07_dataContract__kiwa__csrd_esg_env__capex_plan,dataContract__kiwa__csrd_esg_env__capex_plan,2026,7,15/07/2026,quarterly,kiwa,csrd_esg_env,capex_plan,Kiwa,cu__capex_plan
2026_10_dataContract__kiwa__csrd_esg_env__capex_plan,dataContract__kiwa__csrd_esg_env__capex_plan,2026,10,15/10/2026,quarterly,kiwa,csrd_esg_env,capex_plan,Kiwa,cu__capex_plan
2026_01_dataContract__kiwa__csrd_esg_env__sc2_ghg,dataContract__kiwa__csrd_esg_env__sc2_ghg,2026,1,15/01/2026,quarterly,kiwa,csrd_esg_env,sc2_ghg,Kiwa,cu__sc2_ghg
2026_04_dataContract__kiwa__csrd_esg_env__sc2_ghg,dataContract__kiwa__csrd_esg_env__sc2_ghg,2026,4,15/04/2026,quarterly,kiwa,csrd_esg_env,sc2_ghg,Kiwa,cu__sc2_ghg
2026_07_dataContract__kiwa__csrd_esg_env__sc2_ghg,dataContract__kiwa__csrd_esg_env__sc2_ghg,2026,7,15/07/2026,quarterly,kiwa,csrd_esg_env,sc2_ghg,Kiwa,cu__sc2_ghg
2026_10_dataContract__kiwa__csrd_esg_env__sc2_ghg,dataContract__kiwa__csrd_esg_env__sc2_ghg,2026,10,15/10/2026,quarterly,kiwa,csrd_esg_env,sc2_ghg,Kiwa,cu__sc2_ghg
2026_01_dataContract__kiwa__csrd_esg_env__capex_incurred,dataContract__kiwa__csrd_esg_env__capex_incurred,2026,1,15/01/2026,quarterly,kiwa,csrd_esg_env,capex_incurred,Kiwa,cu__capex_incurred
2026_04_dataContract__kiwa__csrd_esg_env__capex_incurred,dataContract__kiwa__csrd_esg_env__capex_incurred,2026,4,15/04/2026,quarterly,kiwa,csrd_esg_env,capex_incurred,Kiwa,cu__capex_incurred
2026_07_dataContract__kiwa__csrd_esg_env__capex_incurred,dataContract__kiwa__csrd_esg_env__capex_incurred,2026,7,15/07/2026,quarterly,kiwa,csrd_esg_env,capex_incurred,Kiwa,cu__capex_incurred
2026_10_dataContract__kiwa__csrd_esg_env__capex_incurred,dataContract__kiwa__csrd_esg_env__capex_incurred,2026,10,15/10/2026,quarterly,kiwa,csrd_esg_env,capex_incurred,Kiwa,cu__capex_incurred
2026_01_dataContract__kiwa__csrd_esg_env__energy_consumption_sources,dataContract__kiwa__csrd_esg_env__energy_consumption_sources,2026,1,15/01/2026,quarterly,kiwa,csrd_esg_env,energy_consumption_sources,Kiwa,cu__energy_consumption_sources
2026_04_dataContract__kiwa__csrd_esg_env__energy_consumption_sources,dataContract__kiwa__csrd_esg_env__energy_consumption_sources,2026,4,15/04/2026,quarterly,kiwa,csrd_esg_env,energy_consumption_sources,Kiwa,cu__energy_consumption_sources
2026_07_dataContract__kiwa__csrd_esg_env__energy_consumption_sources,dataContract__kiwa__csrd_esg_env__energy_consumption_sources,2026,7,15/07/2026,quarterly,kiwa,csrd_esg_env,energy_consumption_sources,Kiwa,cu__energy_consumption_sources
2026_10_dataContract__kiwa__csrd_esg_env__energy_consumption_sources,dataContract__kiwa__csrd_esg_env__energy_consumption_sources,2026,10,15/10/2026,quarterly,kiwa,csrd_esg_env,energy_consumption_sources,Kiwa,cu__energy_consumption_sources
2026_01_dataContract__kiwa__csrd_esg_env__energy_consumption_subsources,dataContract__kiwa__csrd_esg_env__energy_consumption_subsources,2026,1,15/01/2026,quarterly,kiwa,csrd_esg_env,energy_consumption_subsources,Kiwa,cu__energy_consumption_subsources
2026_04_dataContract__kiwa__csrd_esg_env__energy_consumption_subsources,dataContract__kiwa__csrd_esg_env__energy_consumption_subsources,2026,4,15/04/2026,quarterly,kiwa,csrd_esg_env,energy_consumption_subsources,Kiwa,cu__energy_consumption_subsources
2026_07_dataContract__kiwa__csrd_esg_env__energy_consumption_subsources,dataContract__kiwa__csrd_esg_env__energy_consumption_subsources,2026,7,15/07/2026,quarterly,kiwa,csrd_esg_env,energy_consumption_subsources,Kiwa,cu__energy_consumption_subsources
2026_10_dataContract__kiwa__csrd_esg_env__energy_consumption_subsources,dataContract__kiwa__csrd_esg_env__energy_consumption_subsources,2026,10,15/10/2026,quarterly,kiwa,csrd_esg_env,energy_consumption_subsources,Kiwa,cu__energy_consumption_subsources
2026_01_dataContract__kiwa__csrd_esg_env__sc1_ghg,dataContract__kiwa__csrd_esg_env__sc1_ghg,2026,1,15/01/2026,quarterly,kiwa,csrd_esg_env,sc1_ghg,Kiwa,cu__sc1_ghg
2026_04_dataContract__kiwa__csrd_esg_env__sc1_ghg,dataContract__kiwa__csrd_esg_env__sc1_ghg,2026,4,15/04/2026,quarterly,kiwa,csrd_esg_env,sc1_ghg,Kiwa,cu__sc1_ghg
2026_07_dataContract__kiwa__csrd_esg_env__sc1_ghg,dataContract__kiwa__csrd_esg_env__sc1_ghg,2026,7,15/07/2026,quarterly,kiwa,csrd_esg_env,sc1_ghg,Kiwa,cu__sc1_ghg
2026_10_dataContract__kiwa__csrd_esg_env__sc1_ghg,dataContract__kiwa__csrd_esg_env__sc1_ghg,2026,10,15/10/2026,quarterly,kiwa,csrd_esg_env,sc1_ghg,Kiwa,cu__sc1_ghg
2026_01_dataContract__kiwa__csrd_esg_env__opex_plan,dataContract__kiwa__csrd_esg_env__opex_plan,2026,1,15/01/2026,quarterly,kiwa,csrd_esg_env,opex_plan,Kiwa,cu__opex_plan
2026_04_dataContract__kiwa__csrd_esg_env__opex_plan,dataContract__kiwa__csrd_esg_env__opex_plan,2026,4,15/04/2026,quarterly,kiwa,csrd_esg_env,opex_plan,Kiwa,cu__opex_plan
2026_07_dataContract__kiwa__csrd_esg_env__opex_plan,dataContract__kiwa__csrd_esg_env__opex_plan,2026,7,15/07/2026,quarterly,kiwa,csrd_esg_env,opex_plan,Kiwa,cu__opex_plan
2026_10_dataContract__kiwa__csrd_esg_env__opex_plan,dataContract__kiwa__csrd_esg_env__opex_plan,2026,10,15/10/2026,quarterly,kiwa,csrd_esg_env,opex_plan,Kiwa,cu__opex_plan
2026_01_dataContract__kiwa__csrd_esg_env__opex_incurred,dataContract__kiwa__csrd_esg_env__opex_incurred,2026,1,15/01/2026,quarterly,kiwa,csrd_esg_env,opex_incurred,Kiwa,cu__opex_incurred
2026_04_dataContract__kiwa__csrd_esg_env__opex_incurred,dataContract__kiwa__csrd_esg_env__opex_incurred,2026,4,15/04/2026,quarterly,kiwa,csrd_esg_env,opex_incurred,Kiwa,cu__opex_incurred
2026_07_dataContract__kiwa__csrd_esg_env__opex_incurred,dataContract__kiwa__csrd_esg_env__opex_incurred,2026,7,15/07/2026,quarterly,kiwa,csrd_esg_env,opex_incurred,Kiwa,cu__opex_incurred
2026_10_dataContract__kiwa__csrd_esg_env__opex_incurred,dataContract__kiwa__csrd_esg_env__opex_incurred,2026,10,15/10/2026,quarterly,kiwa,csrd_esg_env,opex_incurred,Kiwa,cu__opex_incurred
2026_01_dataContract__kiwa__csrd_esg_env__sc3_ghg_categories,dataContract__kiwa__csrd_esg_env__sc3_ghg_categories,2026,1,15/01/2026,quarterly,kiwa,csrd_esg_env,sc3_ghg_categories,Kiwa,cu__sc3_ghg_categories
2026_04_dataContract__kiwa__csrd_esg_env__sc3_ghg_categories,dataContract__kiwa__csrd_esg_env__sc3_ghg_categories,2026,4,15/04/2026,quarterly,kiwa,csrd_esg_env,sc3_ghg_categories,Kiwa,cu__sc3_ghg_categories
2026_07_dataContract__kiwa__csrd_esg_env__sc3_ghg_categories,dataContract__kiwa__csrd_esg_env__sc3_ghg_categories,2026,7,15/07/2026,quarterly,kiwa,csrd_esg_env,sc3_ghg_categories,Kiwa,cu__sc3_ghg_categories
2026_10_dataContract__kiwa__csrd_esg_env__sc3_ghg_categories,dataContract__kiwa__csrd_esg_env__sc3_ghg_categories,2026,10,15/10/2026,quarterly,kiwa,csrd_esg_env,sc3_ghg_categories,Kiwa,cu__sc3_ghg_categories
2026_01_dataContract__kiwa__csrd_esg_env__energy_production,dataContract__kiwa__csrd_esg_env__energy_production,2026,1,15/01/2026,quarterly,kiwa,csrd_esg_env,energy_production,Kiwa,cu__energy_production
2026_04_dataContract__kiwa__csrd_esg_env__energy_production,dataContract__kiwa__csrd_esg_env__energy_production,2026,4,15/04/2026,quarterly,kiwa,csrd_esg_env,energy_production,Kiwa,cu__energy_production
2026_07_dataContract__kiwa__csrd_esg_env__energy_production,dataContract__kiwa__csrd_esg_env__energy_production,2026,7,15/07/2026,quarterly,kiwa,csrd_esg_env,energy_production,Kiwa,cu__energy_production
2026_10_dataContract__kiwa__csrd_esg_env__energy_production,dataContract__kiwa__csrd_esg_env__energy_production,2026,10,15/10/2026,quarterly,kiwa,csrd_esg_env,energy_production,Kiwa,cu__energy_production
2026_01_dataContract__kiwa__csrd_esg_env__ghg_targets,dataContract__kiwa__csrd_esg_env__ghg_targets,2026,1,15/01/2026,quarterly,kiwa,csrd_esg_env,ghg_targets,Kiwa,cu__ghg_targets
2026_04_dataContract__kiwa__csrd_esg_env__ghg_targets,dataContract__kiwa__csrd_esg_env__ghg_targets,2026,4,15/04/2026,quarterly,kiwa,csrd_esg_env,ghg_targets,Kiwa,cu__ghg_targets
2026_07_dataContract__kiwa__csrd_esg_env__ghg_targets,dataContract__kiwa__csrd_esg_env__ghg_targets,2026,7,15/07/2026,quarterly,kiwa,csrd_esg_env,ghg_targets,Kiwa,cu__ghg_targets
2026_10_dataContract__kiwa__csrd_esg_env__ghg_targets,dataContract__kiwa__csrd_esg_env__ghg_targets,2026,10,15/10/2026,quarterly,kiwa,csrd_esg_env,ghg_targets,Kiwa,cu__ghg_targets
2026_01_dataContract__kiwa__csrd_esg_env__biogenic_emissions_co2,dataContract__kiwa__csrd_esg_env__biogenic_emissions_co2,2026,1,15/01/2026,quarterly,kiwa,csrd_esg_env,biogenic_emissions_co2,Kiwa,cu__biogenic_emissions_co2
2026_04_dataContract__kiwa__csrd_esg_env__biogenic_emissions_co2,dataContract__kiwa__csrd_esg_env__biogenic_emissions_co2,2026,4,15/04/2026,quarterly,kiwa,csrd_esg_env,biogenic_emissions_co2,Kiwa,cu__biogenic_emissions_co2
2026_07_dataContract__kiwa__csrd_esg_env__biogenic_emissions_co2,dataContract__kiwa__csrd_esg_env__biogenic_emissions_co2,2026,7,15/07/2026,quarterly,kiwa,csrd_esg_env,biogenic_emissions_co2,Kiwa,cu__biogenic_emissions_co2
2026_10_dataContract__kiwa__csrd_esg_env__biogenic_emissions_co2,dataContract__kiwa__csrd_esg_env__biogenic_emissions_co2,2026,10,15/10/2026,quarterly,kiwa,csrd_esg_env,biogenic_emissions_co2,Kiwa,cu__biogenic_emissions_co2
2026_01_dataContract__kiwa__csrd_esg_env__energy_intensity,dataContract__kiwa__csrd_esg_env__energy_intensity,2026,1,15/01/2026,quarterly,kiwa,csrd_esg_env,energy_intensity,Kiwa,cu__energy_intensity
2026_04_dataContract__kiwa__csrd_esg_env__energy_intensity,dataContract__kiwa__csrd_esg_env__energy_intensity,2026,4,15/04/2026,quarterly,kiwa,csrd_esg_env,energy_intensity,Kiwa,cu__energy_intensity
2026_07_dataContract__kiwa__csrd_esg_env__energy_intensity,dataContract__kiwa__csrd_esg_env__energy_intensity,2026,7,15/07/2026,quarterly,kiwa,csrd_esg_env,energy_intensity,Kiwa,cu__energy_intensity
2026_10_dataContract__kiwa__csrd_esg_env__energy_intensity,dataContract__kiwa__csrd_esg_env__energy_intensity,2026,10,15/10/2026,quarterly,kiwa,csrd_esg_env,energy_intensity,Kiwa,cu__energy_intensity
2026_01_dataContract__kiwa__csrd_esg_env__sc1_ghg_ets,dataContract__kiwa__csrd_esg_env__sc1_ghg_ets,2026,1,15/01/2026,quarterly,kiwa,csrd_esg_env,sc1_ghg_ets,Kiwa,cu__sc1_ghg_ets
2026_04_dataContract__kiwa__csrd_esg_env__sc1_ghg_ets,dataContract__kiwa__csrd_esg_env__sc1_ghg_ets,2026,4,15/04/2026,quarterly,kiwa,csrd_esg_env,sc1_ghg_ets,Kiwa,cu__sc1_ghg_ets
2026_07_dataContract__kiwa__csrd_esg_env__sc1_ghg_ets,dataContract__kiwa__csrd_esg_env__sc1_ghg_ets,2026,7,15/07/2026,quarterly,kiwa,csrd_esg_env,sc1_ghg_ets,Kiwa,cu__sc1_ghg_ets
2026_10_dataContract__kiwa__csrd_esg_env__sc1_ghg_ets,dataContract__kiwa__csrd_esg_env__sc1_ghg_ets,2026,10,15/10/2026,quarterly,kiwa,csrd_esg_env,sc1_ghg_ets,Kiwa,cu__sc1_ghg_ets
2026_01_dataContract__kiwa__csrd_esg_env__capex_cog,dataContract__kiwa__csrd_esg_env__capex_cog,2026,1,15/01/2026,quarterly,kiwa,csrd_esg_env,capex_cog,Kiwa,cu__capex_cog
2026_04_dataContract__kiwa__csrd_esg_env__capex_cog,dataContract__kiwa__csrd_esg_env__capex_cog,2026,4,15/04/2026,quarterly,kiwa,csrd_esg_env,capex_cog,Kiwa,cu__capex_cog
2026_07_dataContract__kiwa__csrd_esg_env__capex_cog,dataContract__kiwa__csrd_esg_env__capex_cog,2026,7,15/07/2026,quarterly,kiwa,csrd_esg_env,capex_cog,Kiwa,cu__capex_cog
2026_10_dataContract__kiwa__csrd_esg_env__capex_cog,dataContract__kiwa__csrd_esg_env__capex_cog,2026,10,15/10/2026,quarterly,kiwa,csrd_esg_env,capex_cog,Kiwa,cu__capex_cog
2026_01_dataContract__kiwa__csrd_esg_env__ghg_reference_targets,dataContract__kiwa__csrd_esg_env__ghg_reference_targets,2026,1,15/01/2026,quarterly,kiwa,csrd_esg_env,ghg_reference_targets,Kiwa,cu__ghg_reference_targets
2026_04_dataContract__kiwa__csrd_esg_env__ghg_reference_targets,dataContract__kiwa__csrd_esg_env__ghg_reference_targets,2026,4,15/04/2026,quarterly,kiwa,csrd_esg_env,ghg_reference_targets,Kiwa,cu__ghg_reference_targets
2026_07_dataContract__kiwa__csrd_esg_env__ghg_reference_targets,dataContract__kiwa__csrd_esg_env__ghg_reference_targets,2026,7,15/07/2026,quarterly,kiwa,csrd_esg_env,ghg_reference_targets,Kiwa,cu__ghg_reference_targets
2026_10_dataContract__kiwa__csrd_esg_env__ghg_reference_targets,dataContract__kiwa__csrd_esg_env__ghg_reference_targets,2026,10,15/10/2026,quarterly,kiwa,csrd_esg_env,ghg_reference_targets,Kiwa,cu__ghg_reference_targets
2026_01_dataContract__kiwa__csrd_esg_env__sc2_contractual_instruments,dataContract__kiwa__csrd_esg_env__sc2_contractual_instruments,2026,1,15/01/2026,quarterly,kiwa,csrd_esg_env,sc2_contractual_instruments,Kiwa,cu__sc2_contractual_instruments
2026_04_dataContract__kiwa__csrd_esg_env__sc2_contractual_instruments,dataContract__kiwa__csrd_esg_env__sc2_contractual_instruments,2026,4,15/04/2026,quarterly,kiwa,csrd_esg_env,sc2_contractual_instruments,Kiwa,cu__sc2_contractual_instruments
2026_07_dataContract__kiwa__csrd_esg_env__sc2_contractual_instruments,dataContract__kiwa__csrd_esg_env__sc2_contractual_instruments,2026,7,15/07/2026,quarterly,kiwa,csrd_esg_env,sc2_contractual_instruments,Kiwa,cu__sc2_contractual_instruments
2026_10_dataContract__kiwa__csrd_esg_env__sc2_contractual_instruments,dataContract__kiwa__csrd_esg_env__sc2_contractual_instruments,2026,10,15/10/2026,quarterly,kiwa,csrd_esg_env,sc2_contractual_instruments,Kiwa,cu__sc2_contractual_instruments
2026_01_dataContract__mammoet__csrd_esg_soc__injuries,dataContract__mammoet__csrd_esg_soc__injuries,2026,1,15/01/2026,monthly,mammoet,csrd_esg_soc,injuries,Mammoet,cu__injuries
2026_02_dataContract__mammoet__csrd_esg_soc__injuries,dataContract__mammoet__csrd_esg_soc__injuries,2026,2,15/02/2026,monthly,mammoet,csrd_esg_soc,injuries,Mammoet,cu__injuries
2026_03_dataContract__mammoet__csrd_esg_soc__injuries,dataContract__mammoet__csrd_esg_soc__injuries,2026,3,15/03/2026,monthly,mammoet,csrd_esg_soc,injuries,Mammoet,cu__injuries
2026_04_dataContract__mammoet__csrd_esg_soc__injuries,dataContract__mammoet__csrd_esg_soc__injuries,2026,4,15/04/2026,monthly,mammoet,csrd_esg_soc,injuries,Mammoet,cu__injuries
2026_05_dataContract__mammoet__csrd_esg_soc__injuries,dataContract__mammoet__csrd_esg_soc__injuries,2026,5,15/05/2026,monthly,mammoet,csrd_esg_soc,injuries,Mammoet,cu__injuries
2026_06_dataContract__mammoet__csrd_esg_soc__injuries,dataContract__mammoet__csrd_esg_soc__injuries,2026,6,15/06/2026,monthly,mammoet,csrd_esg_soc,injuries,Mammoet,cu__injuries
2026_07_dataContract__mammoet__csrd_esg_soc__injuries,dataContract__mammoet__csrd_esg_soc__injuries,2026,7,15/07/2026,monthly,mammoet,csrd_esg_soc,injuries,Mammoet,cu__injuries
2026_08_dataContract__mammoet__csrd_esg_soc__injuries,dataContract__mammoet__csrd_esg_soc__injuries,2026,8,15/08/2026,monthly,mammoet,csrd_esg_soc,injuries,Mammoet,cu__injuries
2026_09_dataContract__mammoet__csrd_esg_soc__injuries,dataContract__mammoet__csrd_esg_soc__injuries,2026,9,15/09/2026,monthly,mammoet,csrd_esg_soc,injuries,Mammoet,cu__injuries
2026_10_dataContract__mammoet__csrd_esg_soc__injuries,dataContract__mammoet__csrd_esg_soc__injuries,2026,10,15/10/2026,monthly,mammoet,csrd_esg_soc,injuries,Mammoet,cu__injuries
2026_11_dataContract__mammoet__csrd_esg_soc__injuries,dataContract__mammoet__csrd_esg_soc__injuries,2026,11,15/11/2026,monthly,mammoet,csrd_esg_soc,injuries,Mammoet,cu__injuries
2026_12_dataContract__mammoet__csrd_esg_soc__injuries,dataContract__mammoet__csrd_esg_soc__injuries,2026,12,15/12/2026,monthly,mammoet,csrd_esg_soc,injuries,Mammoet,cu__injuries
2026_01_dataContract__mammoet__csrd_esg_soc__psif,dataContract__mammoet__csrd_esg_soc__psif,2026,1,15/01/2026,monthly,mammoet,csrd_esg_soc,psif,Mammoet,cu__psif
2026_02_dataContract__mammoet__csrd_esg_soc__psif,dataContract__mammoet__csrd_esg_soc__psif,2026,2,15/02/2026,monthly,mammoet,csrd_esg_soc,psif,Mammoet,cu__psif
2026_03_dataContract__mammoet__csrd_esg_soc__psif,dataContract__mammoet__csrd_esg_soc__psif,2026,3,15/03/2026,monthly,mammoet,csrd_esg_soc,psif,Mammoet,cu__psif
2026_04_dataContract__mammoet__csrd_esg_soc__psif,dataContract__mammoet__csrd_esg_soc__psif,2026,4,15/04/2026,monthly,mammoet,csrd_esg_soc,psif,Mammoet,cu__psif
2026_05_dataContract__mammoet__csrd_esg_soc__psif,dataContract__mammoet__csrd_esg_soc__psif,2026,5,15/05/2026,monthly,mammoet,csrd_esg_soc,psif,Mammoet,cu__psif
2026_06_dataContract__mammoet__csrd_esg_soc__psif,dataContract__mammoet__csrd_esg_soc__psif,2026,6,15/06/2026,monthly,mammoet,csrd_esg_soc,psif,Mammoet,cu__psif
2026_07_dataContract__mammoet__csrd_esg_soc__psif,dataContract__mammoet__csrd_esg_soc__psif,2026,7,15/07/2026,monthly,mammoet,csrd_esg_soc,psif,Mammoet,cu__psif
2026_08_dataContract__mammoet__csrd_esg_soc__psif,dataContract__mammoet__csrd_esg_soc__psif,2026,8,15/08/2026,monthly,mammoet,csrd_esg_soc,psif,Mammoet,cu__psif
2026_09_dataContract__mammoet__csrd_esg_soc__psif,dataContract__mammoet__csrd_esg_soc__psif,2026,9,15/09/2026,monthly,mammoet,csrd_esg_soc,psif,Mammoet,cu__psif
2026_10_dataContract__mammoet__csrd_esg_soc__psif,dataContract__mammoet__csrd_esg_soc__psif,2026,10,15/10/2026,monthly,mammoet,csrd_esg_soc,psif,Mammoet,cu__psif
2026_11_dataContract__mammoet__csrd_esg_soc__psif,dataContract__mammoet__csrd_esg_soc__psif,2026,11,15/11/2026,monthly,mammoet,csrd_esg_soc,psif,Mammoet,cu__psif
2026_12_dataContract__mammoet__csrd_esg_soc__psif,dataContract__mammoet__csrd_esg_soc__psif,2026,12,15/12/2026,monthly,mammoet,csrd_esg_soc,psif,Mammoet,cu__psif
2026_01_dataContract__mammoet__csrd_esg_soc__health_safety,dataContract__mammoet__csrd_esg_soc__health_safety,2026,1,15/01/2026,monthly,mammoet,csrd_esg_soc,health_safety,Mammoet,cu__health_safety
2026_02_dataContract__mammoet__csrd_esg_soc__health_safety,dataContract__mammoet__csrd_esg_soc__health_safety,2026,2,15/02/2026,monthly,mammoet,csrd_esg_soc,health_safety,Mammoet,cu__health_safety
2026_03_dataContract__mammoet__csrd_esg_soc__health_safety,dataContract__mammoet__csrd_esg_soc__health_safety,2026,3,15/03/2026,monthly,mammoet,csrd_esg_soc,health_safety,Mammoet,cu__health_safety
2026_04_dataContract__mammoet__csrd_esg_soc__health_safety,dataContract__mammoet__csrd_esg_soc__health_safety,2026,4,15/04/2026,monthly,mammoet,csrd_esg_soc,health_safety,Mammoet,cu__health_safety
2026_05_dataContract__mammoet__csrd_esg_soc__health_safety,dataContract__mammoet__csrd_esg_soc__health_safety,2026,5,15/05/2026,monthly,mammoet,csrd_esg_soc,health_safety,Mammoet,cu__health_safety
2026_06_dataContract__mammoet__csrd_esg_soc__health_safety,dataContract__mammoet__csrd_esg_soc__health_safety,2026,6,15/06/2026,monthly,mammoet,csrd_esg_soc,health_safety,Mammoet,cu__health_safety
2026_07_dataContract__mammoet__csrd_esg_soc__health_safety,dataContract__mammoet__csrd_esg_soc__health_safety,2026,7,15/07/2026,monthly,mammoet,csrd_esg_soc,health_safety,Mammoet,cu__health_safety
2026_08_dataContract__mammoet__csrd_esg_soc__health_safety,dataContract__mammoet__csrd_esg_soc__health_safety,2026,8,15/08/2026,monthly,mammoet,csrd_esg_soc,health_safety,Mammoet,cu__health_safety
2026_09_dataContract__mammoet__csrd_esg_soc__health_safety,dataContract__mammoet__csrd_esg_soc__health_safety,2026,9,15/09/2026,monthly,mammoet,csrd_esg_soc,health_safety,Mammoet,cu__health_safety
2026_10_dataContract__mammoet__csrd_esg_soc__health_safety,dataContract__mammoet__csrd_esg_soc__health_safety,2026,10,15/10/2026,monthly,mammoet,csrd_esg_soc,health_safety,Mammoet,cu__health_safety
2026_11_dataContract__mammoet__csrd_esg_soc__health_safety,dataContract__mammoet__csrd_esg_soc__health_safety,2026,11,15/11/2026,monthly,mammoet,csrd_esg_soc,health_safety,Mammoet,cu__health_safety
2026_12_dataContract__mammoet__csrd_esg_soc__health_safety,dataContract__mammoet__csrd_esg_soc__health_safety,2026,12,15/12/2026,monthly,mammoet,csrd_esg_soc,health_safety,Mammoet,cu__health_safety
2026_01_dataContract__mammoet__csrd_esg_env__trcf_targets,dataContract__mammoet__csrd_esg_env__trcf_targets,2026,1,15/01/2026,yearly,mammoet,csrd_esg_env,trcf_targets,Mammoet,cu__trcf_targets
2026_01_dataContract__mammoet__csrd_esg_soc__age_diversity,dataContract__mammoet__csrd_esg_soc__age_diversity,2026,1,15/01/2026,yearly,mammoet,csrd_esg_soc,age_diversity,Mammoet,cu__age_diversity
2026_01_dataContract__mammoet__csrd_esg_soc__performance_reviews,dataContract__mammoet__csrd_esg_soc__performance_reviews,2026,1,15/01/2026,yearly,mammoet,csrd_esg_soc,performance_reviews,Mammoet,cu__performance_reviews
2026_01_dataContract__mammoet__csrd_esg_soc__days_lost_injuries,dataContract__mammoet__csrd_esg_soc__days_lost_injuries,2026,1,15/01/2026,yearly,mammoet,csrd_esg_soc,days_lost_injuries,Mammoet,cu__days_lost_injuries
2026_01_dataContract__mammoet__csrd_esg_soc__ill_health,dataContract__mammoet__csrd_esg_soc__ill_health,2026,1,15/01/2026,yearly,mammoet,csrd_esg_soc,ill_health,Mammoet,cu__ill_health
2026_01_dataContract__mammoet__csrd_esg_soc__employee_characteristics,dataContract__mammoet__csrd_esg_soc__employee_characteristics,2026,1,15/01/2026,yearly,mammoet,csrd_esg_soc,employee_characteristics,Mammoet,cu__employee_characteristics
2026_01_dataContract__mammoet__csrd_esg_soc__training_hours,dataContract__mammoet__csrd_esg_soc__training_hours,2026,1,15/01/2026,yearly,mammoet,csrd_esg_soc,training_hours,Mammoet,cu__training_hours
2026_01_dataContract__mammoet__csrd_esg_env__ghg_baseline,dataContract__mammoet__csrd_esg_env__ghg_baseline,2026,1,15/01/2026,yearly,mammoet,csrd_esg_env,ghg_baseline,Mammoet,cu__ghg_baseline
2026_01_dataContract__mammoet__csrd_esg_env__decarbonization,dataContract__mammoet__csrd_esg_env__decarbonization,2026,1,15/01/2026,yearly,mammoet,csrd_esg_env,decarbonization,Mammoet,cu__decarbonization
2026_01_dataContract__mammoet__csrd_esg_env__capex_plan,dataContract__mammoet__csrd_esg_env__capex_plan,2026,1,15/01/2026,quarterly,mammoet,csrd_esg_env,capex_plan,Mammoet,cu__capex_plan
2026_04_dataContract__mammoet__csrd_esg_env__capex_plan,dataContract__mammoet__csrd_esg_env__capex_plan,2026,4,15/04/2026,quarterly,mammoet,csrd_esg_env,capex_plan,Mammoet,cu__capex_plan
2026_07_dataContract__mammoet__csrd_esg_env__capex_plan,dataContract__mammoet__csrd_esg_env__capex_plan,2026,7,15/07/2026,quarterly,mammoet,csrd_esg_env,capex_plan,Mammoet,cu__capex_plan
2026_10_dataContract__mammoet__csrd_esg_env__capex_plan,dataContract__mammoet__csrd_esg_env__capex_plan,2026,10,15/10/2026,quarterly,mammoet,csrd_esg_env,capex_plan,Mammoet,cu__capex_plan
2026_01_dataContract__mammoet__csrd_esg_env__sc2_ghg,dataContract__mammoet__csrd_esg_env__sc2_ghg,2026,1,15/01/2026,quarterly,mammoet,csrd_esg_env,sc2_ghg,Mammoet,cu__sc2_ghg
2026_04_dataContract__mammoet__csrd_esg_env__sc2_ghg,dataContract__mammoet__csrd_esg_env__sc2_ghg,2026,4,15/04/2026,quarterly,mammoet,csrd_esg_env,sc2_ghg,Mammoet,cu__sc2_ghg
2026_07_dataContract__mammoet__csrd_esg_env__sc2_ghg,dataContract__mammoet__csrd_esg_env__sc2_ghg,2026,7,15/07/2026,quarterly,mammoet,csrd_esg_env,sc2_ghg,Mammoet,cu__sc2_ghg
2026_10_dataContract__mammoet__csrd_esg_env__sc2_ghg,dataContract__mammoet__csrd_esg_env__sc2_ghg,2026,10,15/10/2026,quarterly,mammoet,csrd_esg_env,sc2_ghg,Mammoet,cu__sc2_ghg
2026_01_dataContract__mammoet__csrd_esg_env__capex_incurred,dataContract__mammoet__csrd_esg_env__capex_incurred,2026,1,15/01/2026,quarterly,mammoet,csrd_esg_env,capex_incurred,Mammoet,cu__capex_incurred
2026_04_dataContract__mammoet__csrd_esg_env__capex_incurred,dataContract__mammoet__csrd_esg_env__capex_incurred,2026,4,15/04/2026,quarterly,mammoet,csrd_esg_env,capex_incurred,Mammoet,cu__capex_incurred
2026_07_dataContract__mammoet__csrd_esg_env__capex_incurred,dataContract__mammoet__csrd_esg_env__capex_incurred,2026,7,15/07/2026,quarterly,mammoet,csrd_esg_env,capex_incurred,Mammoet,cu__capex_incurred
2026_10_dataContract__mammoet__csrd_esg_env__capex_incurred,dataContract__mammoet__csrd_esg_env__capex_incurred,2026,10,15/10/2026,quarterly,mammoet,csrd_esg_env,capex_incurred,Mammoet,cu__capex_incurred
2026_01_dataContract__mammoet__csrd_esg_env__energy_consumption_sources,dataContract__mammoet__csrd_esg_env__energy_consumption_sources,2026,1,15/01/2026,quarterly,mammoet,csrd_esg_env,energy_consumption_sources,Mammoet,cu__energy_consumption_sources
2026_04_dataContract__mammoet__csrd_esg_env__energy_consumption_sources,dataContract__mammoet__csrd_esg_env__energy_consumption_sources,2026,4,15/04/2026,quarterly,mammoet,csrd_esg_env,energy_consumption_sources,Mammoet,cu__energy_consumption_sources
2026_07_dataContract__mammoet__csrd_esg_env__energy_consumption_sources,dataContract__mammoet__csrd_esg_env__energy_consumption_sources,2026,7,15/07/2026,quarterly,mammoet,csrd_esg_env,energy_consumption_sources,Mammoet,cu__energy_consumption_sources
2026_10_dataContract__mammoet__csrd_esg_env__energy_consumption_sources,dataContract__mammoet__csrd_esg_env__energy_consumption_sources,2026,10,15/10/2026,quarterly,mammoet,csrd_esg_env,energy_consumption_sources,Mammoet,cu__energy_consumption_sources
2026_01_dataContract__mammoet__csrd_esg_env__energy_consumption_subsources,dataContract__mammoet__csrd_esg_env__energy_consumption_subsources,2026,1,15/01/2026,quarterly,mammoet,csrd_esg_env,energy_consumption_subsources,Mammoet,cu__energy_consumption_subsources
2026_04_dataContract__mammoet__csrd_esg_env__energy_consumption_subsources,dataContract__mammoet__csrd_esg_env__energy_consumption_subsources,2026,4,15/04/2026,quarterly,mammoet,csrd_esg_env,energy_consumption_subsources,Mammoet,cu__energy_consumption_subsources
2026_07_dataContract__mammoet__csrd_esg_env__energy_consumption_subsources,dataContract__mammoet__csrd_esg_env__energy_consumption_subsources,2026,7,15/07/2026,quarterly,mammoet,csrd_esg_env,energy_consumption_subsources,Mammoet,cu__energy_consumption_subsources
2026_10_dataContract__mammoet__csrd_esg_env__energy_consumption_subsources,dataContract__mammoet__csrd_esg_env__energy_consumption_subsources,2026,10,15/10/2026,quarterly,mammoet,csrd_esg_env,energy_consumption_subsources,Mammoet,cu__energy_consumption_subsources
2026_01_dataContract__mammoet__csrd_esg_env__sc1_ghg,dataContract__mammoet__csrd_esg_env__sc1_ghg,2026,1,15/01/2026,quarterly,mammoet,csrd_esg_env,sc1_ghg,Mammoet,cu__sc1_ghg
2026_04_dataContract__mammoet__csrd_esg_env__sc1_ghg,dataContract__mammoet__csrd_esg_env__sc1_ghg,2026,4,15/04/2026,quarterly,mammoet,csrd_esg_env,sc1_ghg,Mammoet,cu__sc1_ghg
2026_07_dataContract__mammoet__csrd_esg_env__sc1_ghg,dataContract__mammoet__csrd_esg_env__sc1_ghg,2026,7,15/07/2026,quarterly,mammoet,csrd_esg_env,sc1_ghg,Mammoet,cu__sc1_ghg
2026_10_dataContract__mammoet__csrd_esg_env__sc1_ghg,dataContract__mammoet__csrd_esg_env__sc1_ghg,2026,10,15/10/2026,quarterly,mammoet,csrd_esg_env,sc1_ghg,Mammoet,cu__sc1_ghg
2026_01_dataContract__mammoet__csrd_esg_env__opex_plan,dataContract__mammoet__csrd_esg_env__opex_plan,2026,1,15/01/2026,quarterly,mammoet,csrd_esg_env,opex_plan,Mammoet,cu__opex_plan
2026_04_dataContract__mammoet__csrd_esg_env__opex_plan,dataContract__mammoet__csrd_esg_env__opex_plan,2026,4,15/04/2026,quarterly,mammoet,csrd_esg_env,opex_plan,Mammoet,cu__opex_plan
2026_07_dataContract__mammoet__csrd_esg_env__opex_plan,dataContract__mammoet__csrd_esg_env__opex_plan,2026,7,15/07/2026,quarterly,mammoet,csrd_esg_env,opex_plan,Mammoet,cu__opex_plan
2026_10_dataContract__mammoet__csrd_esg_env__opex_plan,dataContract__mammoet__csrd_esg_env__opex_plan,2026,10,15/10/2026,quarterly,mammoet,csrd_esg_env,opex_plan,Mammoet,cu__opex_plan
2026_01_dataContract__mammoet__csrd_esg_env__opex_incurred,dataContract__mammoet__csrd_esg_env__opex_incurred,2026,1,15/01/2026,quarterly,mammoet,csrd_esg_env,opex_incurred,Mammoet,cu__opex_incurred
2026_04_dataContract__mammoet__csrd_esg_env__opex_incurred,dataContract__mammoet__csrd_esg_env__opex_incurred,2026,4,15/04/2026,quarterly,mammoet,csrd_esg_env,opex_incurred,Mammoet,cu__opex_incurred
2026_07_dataContract__mammoet__csrd_esg_env__opex_incurred,dataContract__mammoet__csrd_esg_env__opex_incurred,2026,7,15/07/2026,quarterly,mammoet,csrd_esg_env,opex_incurred,Mammoet,cu__opex_incurred
2026_10_dataContract__mammoet__csrd_esg_env__opex_incurred,dataContract__mammoet__csrd_esg_env__opex_incurred,2026,10,15/10/2026,quarterly,mammoet,csrd_esg_env,opex_incurred,Mammoet,cu__opex_incurred
2026_01_dataContract__mammoet__csrd_esg_env__sc3_ghg_categories,dataContract__mammoet__csrd_esg_env__sc3_ghg_categories,2026,1,15/01/2026,quarterly,mammoet,csrd_esg_env,sc3_ghg_categories,Mammoet,cu__sc3_ghg_categories
2026_04_dataContract__mammoet__csrd_esg_env__sc3_ghg_categories,dataContract__mammoet__csrd_esg_env__sc3_ghg_categories,2026,4,15/04/2026,quarterly,mammoet,csrd_esg_env,sc3_ghg_categories,Mammoet,cu__sc3_ghg_categories
2026_07_dataContract__mammoet__csrd_esg_env__sc3_ghg_categories,dataContract__mammoet__csrd_esg_env__sc3_ghg_categories,2026,7,15/07/2026,quarterly,mammoet,csrd_esg_env,sc3_ghg_categories,Mammoet,cu__sc3_ghg_categories
2026_10_dataContract__mammoet__csrd_esg_env__sc3_ghg_categories,dataContract__mammoet__csrd_esg_env__sc3_ghg_categories,2026,10,15/10/2026,quarterly,mammoet,csrd_esg_env,sc3_ghg_categories,Mammoet,cu__sc3_ghg_categories
2026_01_dataContract__mammoet__csrd_esg_env__energy_production,dataContract__mammoet__csrd_esg_env__energy_production,2026,1,15/01/2026,quarterly,mammoet,csrd_esg_env,energy_production,Mammoet,cu__energy_production
2026_04_dataContract__mammoet__csrd_esg_env__energy_production,dataContract__mammoet__csrd_esg_env__energy_production,2026,4,15/04/2026,quarterly,mammoet,csrd_esg_env,energy_production,Mammoet,cu__energy_production
2026_07_dataContract__mammoet__csrd_esg_env__energy_production,dataContract__mammoet__csrd_esg_env__energy_production,2026,7,15/07/2026,quarterly,mammoet,csrd_esg_env,energy_production,Mammoet,cu__energy_production
2026_10_dataContract__mammoet__csrd_esg_env__energy_production,dataContract__mammoet__csrd_esg_env__energy_production,2026,10,15/10/2026,quarterly,mammoet,csrd_esg_env,energy_production,Mammoet,cu__energy_production
2026_01_dataContract__mammoet__csrd_esg_env__ghg_targets,dataContract__mammoet__csrd_esg_env__ghg_targets,2026,1,15/01/2026,quarterly,mammoet,csrd_esg_env,ghg_targets,Mammoet,cu__ghg_targets
2026_04_dataContract__mammoet__csrd_esg_env__ghg_targets,dataContract__mammoet__csrd_esg_env__ghg_targets,2026,4,15/04/2026,quarterly,mammoet,csrd_esg_env,ghg_targets,Mammoet,cu__ghg_targets
2026_07_dataContract__mammoet__csrd_esg_env__ghg_targets,dataContract__mammoet__csrd_esg_env__ghg_targets,2026,7,15/07/2026,quarterly,mammoet,csrd_esg_env,ghg_targets,Mammoet,cu__ghg_targets
2026_10_dataContract__mammoet__csrd_esg_env__ghg_targets,dataContract__mammoet__csrd_esg_env__ghg_targets,2026,10,15/10/2026,quarterly,mammoet,csrd_esg_env,ghg_targets,Mammoet,cu__ghg_targets
2026_01_dataContract__mammoet__csrd_esg_env__biogenic_emissions_co2,dataContract__mammoet__csrd_esg_env__biogenic_emissions_co2,2026,1,15/01/2026,quarterly,mammoet,csrd_esg_env,biogenic_emissions_co2,Mammoet,cu__biogenic_emissions_co2
2026_04_dataContract__mammoet__csrd_esg_env__biogenic_emissions_co2,dataContract__mammoet__csrd_esg_env__biogenic_emissions_co2,2026,4,15/04/2026,quarterly,mammoet,csrd_esg_env,biogenic_emissions_co2,Mammoet,cu__biogenic_emissions_co2
2026_07_dataContract__mammoet__csrd_esg_env__biogenic_emissions_co2,dataContract__mammoet__csrd_esg_env__biogenic_emissions_co2,2026,7,15/07/2026,quarterly,mammoet,csrd_esg_env,biogenic_emissions_co2,Mammoet,cu__biogenic_emissions_co2
2026_10_dataContract__mammoet__csrd_esg_env__biogenic_emissions_co2,dataContract__mammoet__csrd_esg_env__biogenic_emissions_co2,2026,10,15/10/2026,quarterly,mammoet,csrd_esg_env,biogenic_emissions_co2,Mammoet,cu__biogenic_emissions_co2
2026_01_dataContract__mammoet__csrd_esg_env__energy_intensity,dataContract__mammoet__csrd_esg_env__energy_intensity,2026,1,15/01/2026,quarterly,mammoet,csrd_esg_env,energy_intensity,Mammoet,cu__energy_intensity
2026_04_dataContract__mammoet__csrd_esg_env__energy_intensity,dataContract__mammoet__csrd_esg_env__energy_intensity,2026,4,15/04/2026,quarterly,mammoet,csrd_esg_env,energy_intensity,Mammoet,cu__energy_intensity
2026_07_dataContract__mammoet__csrd_esg_env__energy_intensity,dataContract__mammoet__csrd_esg_env__energy_intensity,2026,7,15/07/2026,quarterly,mammoet,csrd_esg_env,energy_intensity,Mammoet,cu__energy_intensity
2026_10_dataContract__mammoet__csrd_esg_env__energy_intensity,dataContract__mammoet__csrd_esg_env__energy_intensity,2026,10,15/10/2026,quarterly,mammoet,csrd_esg_env,energy_intensity,Mammoet,cu__energy_intensity
2026_01_dataContract__mammoet__csrd_esg_env__sc1_ghg_ets,dataContract__mammoet__csrd_esg_env__sc1_ghg_ets,2026,1,15/01/2026,quarterly,mammoet,csrd_esg_env,sc1_ghg_ets,Mammoet,cu__sc1_ghg_ets
2026_04_dataContract__mammoet__csrd_esg_env__sc1_ghg_ets,dataContract__mammoet__csrd_esg_env__sc1_ghg_ets,2026,4,15/04/2026,quarterly,mammoet,csrd_esg_env,sc1_ghg_ets,Mammoet,cu__sc1_ghg_ets
2026_07_dataContract__mammoet__csrd_esg_env__sc1_ghg_ets,dataContract__mammoet__csrd_esg_env__sc1_ghg_ets,2026,7,15/07/2026,quarterly,mammoet,csrd_esg_env,sc1_ghg_ets,Mammoet,cu__sc1_ghg_ets
2026_10_dataContract__mammoet__csrd_esg_env__sc1_ghg_ets,dataContract__mammoet__csrd_esg_env__sc1_ghg_ets,2026,10,15/10/2026,quarterly,mammoet,csrd_esg_env,sc1_ghg_ets,Mammoet,cu__sc1_ghg_ets
2026_01_dataContract__mammoet__csrd_esg_env__capex_cog,dataContract__mammoet__csrd_esg_env__capex_cog,2026,1,15/01/2026,quarterly,mammoet,csrd_esg_env,capex_cog,Mammoet,cu__capex_cog
2026_04_dataContract__mammoet__csrd_esg_env__capex_cog,dataContract__mammoet__csrd_esg_env__capex_cog,2026,4,15/04/2026,quarterly,mammoet,csrd_esg_env,capex_cog,Mammoet,cu__capex_cog
2026_07_dataContract__mammoet__csrd_esg_env__capex_cog,dataContract__mammoet__csrd_esg_env__capex_cog,2026,7,15/07/2026,quarterly,mammoet,csrd_esg_env,capex_cog,Mammoet,cu__capex_cog
2026_10_dataContract__mammoet__csrd_esg_env__capex_cog,dataContract__mammoet__csrd_esg_env__capex_cog,2026,10,15/10/2026,quarterly,mammoet,csrd_esg_env,capex_cog,Mammoet,cu__capex_cog
2026_01_dataContract__mammoet__csrd_esg_env__ghg_reference_targets,dataContract__mammoet__csrd_esg_env__ghg_reference_targets,2026,1,15/01/2026,quarterly,mammoet,csrd_esg_env,ghg_reference_targets,Mammoet,cu__ghg_reference_targets
2026_04_dataContract__mammoet__csrd_esg_env__ghg_reference_targets,dataContract__mammoet__csrd_esg_env__ghg_reference_targets,2026,4,15/04/2026,quarterly,mammoet,csrd_esg_env,ghg_reference_targets,Mammoet,cu__ghg_reference_targets
2026_07_dataContract__mammoet__csrd_esg_env__ghg_reference_targets,dataContract__mammoet__csrd_esg_env__ghg_reference_targets,2026,7,15/07/2026,quarterly,mammoet,csrd_esg_env,ghg_reference_targets,Mammoet,cu__ghg_reference_targets
2026_10_dataContract__mammoet__csrd_esg_env__ghg_reference_targets,dataContract__mammoet__csrd_esg_env__ghg_reference_targets,2026,10,15/10/2026,quarterly,mammoet,csrd_esg_env,ghg_reference_targets,Mammoet,cu__ghg_reference_targets
2026_01_dataContract__mammoet__csrd_esg_env__sc2_contractual_instruments,dataContract__mammoet__csrd_esg_env__sc2_contractual_instruments,2026,1,15/01/2026,quarterly,mammoet,csrd_esg_env,sc2_contractual_instruments,Mammoet,cu__sc2_contractual_instruments
2026_04_dataContract__mammoet__csrd_esg_env__sc2_contractual_instruments,dataContract__mammoet__csrd_esg_env__sc2_contractual_instruments,2026,4,15/04/2026,quarterly,mammoet,csrd_esg_env,sc2_contractual_instruments,Mammoet,cu__sc2_contractual_instruments
2026_07_dataContract__mammoet__csrd_esg_env__sc2_contractual_instruments,dataContract__mammoet__csrd_esg_env__sc2_contractual_instruments,2026,7,15/07/2026,quarterly,mammoet,csrd_esg_env,sc2_contractual_instruments,Mammoet,cu__sc2_contractual_instruments
2026_10_dataContract__mammoet__csrd_esg_env__sc2_contractual_instruments,dataContract__mammoet__csrd_esg_env__sc2_contractual_instruments,2026,10,15/10/2026,quarterly,mammoet,csrd_esg_env,sc2_contractual_instruments,Mammoet,cu__sc2_contractual_instruments
2026_01_dataContract__nutreco__csrd_esg_soc__injuries,dataContract__nutreco__csrd_esg_soc__injuries,2026,1,15/01/2026,monthly,nutreco,csrd_esg_soc,injuries,Nutreco,cu__injuries
2026_02_dataContract__nutreco__csrd_esg_soc__injuries,dataContract__nutreco__csrd_esg_soc__injuries,2026,2,15/02/2026,monthly,nutreco,csrd_esg_soc,injuries,Nutreco,cu__injuries
2026_03_dataContract__nutreco__csrd_esg_soc__injuries,dataContract__nutreco__csrd_esg_soc__injuries,2026,3,15/03/2026,monthly,nutreco,csrd_esg_soc,injuries,Nutreco,cu__injuries
2026_04_dataContract__nutreco__csrd_esg_soc__injuries,dataContract__nutreco__csrd_esg_soc__injuries,2026,4,15/04/2026,monthly,nutreco,csrd_esg_soc,injuries,Nutreco,cu__injuries
2026_05_dataContract__nutreco__csrd_esg_soc__injuries,dataContract__nutreco__csrd_esg_soc__injuries,2026,5,15/05/2026,monthly,nutreco,csrd_esg_soc,injuries,Nutreco,cu__injuries
2026_06_dataContract__nutreco__csrd_esg_soc__injuries,dataContract__nutreco__csrd_esg_soc__injuries,2026,6,15/06/2026,monthly,nutreco,csrd_esg_soc,injuries,Nutreco,cu__injuries
2026_07_dataContract__nutreco__csrd_esg_soc__injuries,dataContract__nutreco__csrd_esg_soc__injuries,2026,7,15/07/2026,monthly,nutreco,csrd_esg_soc,injuries,Nutreco,cu__injuries
2026_08_dataContract__nutreco__csrd_esg_soc__injuries,dataContract__nutreco__csrd_esg_soc__injuries,2026,8,15/08/2026,monthly,nutreco,csrd_esg_soc,injuries,Nutreco,cu__injuries
2026_09_dataContract__nutreco__csrd_esg_soc__injuries,dataContract__nutreco__csrd_esg_soc__injuries,2026,9,15/09/2026,monthly,nutreco,csrd_esg_soc,injuries,Nutreco,cu__injuries
2026_10_dataContract__nutreco__csrd_esg_soc__injuries,dataContract__nutreco__csrd_esg_soc__injuries,2026,10,15/10/2026,monthly,nutreco,csrd_esg_soc,injuries,Nutreco,cu__injuries
2026_11_dataContract__nutreco__csrd_esg_soc__injuries,dataContract__nutreco__csrd_esg_soc__injuries,2026,11,15/11/2026,monthly,nutreco,csrd_esg_soc,injuries,Nutreco,cu__injuries
2026_12_dataContract__nutreco__csrd_esg_soc__injuries,dataContract__nutreco__csrd_esg_soc__injuries,2026,12,15/12/2026,monthly,nutreco,csrd_esg_soc,injuries,Nutreco,cu__injuries
2026_01_dataContract__nutreco__csrd_esg_soc__psif,dataContract__nutreco__csrd_esg_soc__psif,2026,1,15/01/2026,monthly,nutreco,csrd_esg_soc,psif,Nutreco,cu__psif
2026_02_dataContract__nutreco__csrd_esg_soc__psif,dataContract__nutreco__csrd_esg_soc__psif,2026,2,15/02/2026,monthly,nutreco,csrd_esg_soc,psif,Nutreco,cu__psif
2026_03_dataContract__nutreco__csrd_esg_soc__psif,dataContract__nutreco__csrd_esg_soc__psif,2026,3,15/03/2026,monthly,nutreco,csrd_esg_soc,psif,Nutreco,cu__psif
2026_04_dataContract__nutreco__csrd_esg_soc__psif,dataContract__nutreco__csrd_esg_soc__psif,2026,4,15/04/2026,monthly,nutreco,csrd_esg_soc,psif,Nutreco,cu__psif
2026_05_dataContract__nutreco__csrd_esg_soc__psif,dataContract__nutreco__csrd_esg_soc__psif,2026,5,15/05/2026,monthly,nutreco,csrd_esg_soc,psif,Nutreco,cu__psif
2026_06_dataContract__nutreco__csrd_esg_soc__psif,dataContract__nutreco__csrd_esg_soc__psif,2026,6,15/06/2026,monthly,nutreco,csrd_esg_soc,psif,Nutreco,cu__psif
2026_07_dataContract__nutreco__csrd_esg_soc__psif,dataContract__nutreco__csrd_esg_soc__psif,2026,7,15/07/2026,monthly,nutreco,csrd_esg_soc,psif,Nutreco,cu__psif
2026_08_dataContract__nutreco__csrd_esg_soc__psif,dataContract__nutreco__csrd_esg_soc__psif,2026,8,15/08/2026,monthly,nutreco,csrd_esg_soc,psif,Nutreco,cu__psif
2026_09_dataContract__nutreco__csrd_esg_soc__psif,dataContract__nutreco__csrd_esg_soc__psif,2026,9,15/09/2026,monthly,nutreco,csrd_esg_soc,psif,Nutreco,cu__psif
2026_10_dataContract__nutreco__csrd_esg_soc__psif,dataContract__nutreco__csrd_esg_soc__psif,2026,10,15/10/2026,monthly,nutreco,csrd_esg_soc,psif,Nutreco,cu__psif
2026_11_dataContract__nutreco__csrd_esg_soc__psif,dataContract__nutreco__csrd_esg_soc__psif,2026,11,15/11/2026,monthly,nutreco,csrd_esg_soc,psif,Nutreco,cu__psif
2026_12_dataContract__nutreco__csrd_esg_soc__psif,dataContract__nutreco__csrd_esg_soc__psif,2026,12,15/12/2026,monthly,nutreco,csrd_esg_soc,psif,Nutreco,cu__psif
2026_01_dataContract__nutreco__csrd_esg_soc__health_safety,dataContract__nutreco__csrd_esg_soc__health_safety,2026,1,15/01/2026,monthly,nutreco,csrd_esg_soc,health_safety,Nutreco,cu__health_safety
2026_02_dataContract__nutreco__csrd_esg_soc__health_safety,dataContract__nutreco__csrd_esg_soc__health_safety,2026,2,15/02/2026,monthly,nutreco,csrd_esg_soc,health_safety,Nutreco,cu__health_safety
2026_03_dataContract__nutreco__csrd_esg_soc__health_safety,dataContract__nutreco__csrd_esg_soc__health_safety,2026,3,15/03/2026,monthly,nutreco,csrd_esg_soc,health_safety,Nutreco,cu__health_safety
2026_04_dataContract__nutreco__csrd_esg_soc__health_safety,dataContract__nutreco__csrd_esg_soc__health_safety,2026,4,15/04/2026,monthly,nutreco,csrd_esg_soc,health_safety,Nutreco,cu__health_safety
2026_05_dataContract__nutreco__csrd_esg_soc__health_safety,dataContract__nutreco__csrd_esg_soc__health_safety,2026,5,15/05/2026,monthly,nutreco,csrd_esg_soc,health_safety,Nutreco,cu__health_safety
2026_06_dataContract__nutreco__csrd_esg_soc__health_safety,dataContract__nutreco__csrd_esg_soc__health_safety,2026,6,15/06/2026,monthly,nutreco,csrd_esg_soc,health_safety,Nutreco,cu__health_safety
2026_07_dataContract__nutreco__csrd_esg_soc__health_safety,dataContract__nutreco__csrd_esg_soc__health_safety,2026,7,15/07/2026,monthly,nutreco,csrd_esg_soc,health_safety,Nutreco,cu__health_safety
2026_08_dataContract__nutreco__csrd_esg_soc__health_safety,dataContract__nutreco__csrd_esg_soc__health_safety,2026,8,15/08/2026,monthly,nutreco,csrd_esg_soc,health_safety,Nutreco,cu__health_safety
2026_09_dataContract__nutreco__csrd_esg_soc__health_safety,dataContract__nutreco__csrd_esg_soc__health_safety,2026,9,15/09/2026,monthly,nutreco,csrd_esg_soc,health_safety,Nutreco,cu__health_safety
2026_10_dataContract__nutreco__csrd_esg_soc__health_safety,dataContract__nutreco__csrd_esg_soc__health_safety,2026,10,15/10/2026,monthly,nutreco,csrd_esg_soc,health_safety,Nutreco,cu__health_safety
2026_11_dataContract__nutreco__csrd_esg_soc__health_safety,dataContract__nutreco__csrd_esg_soc__health_safety,2026,11,15/11/2026,monthly,nutreco,csrd_esg_soc,health_safety,Nutreco,cu__health_safety
2026_12_dataContract__nutreco__csrd_esg_soc__health_safety,dataContract__nutreco__csrd_esg_soc__health_safety,2026,12,15/12/2026,monthly,nutreco,csrd_esg_soc,health_safety,Nutreco,cu__health_safety
2026_01_dataContract__nutreco__csrd_esg_env__trcf_targets,dataContract__nutreco__csrd_esg_env__trcf_targets,2026,1,15/01/2026,yearly,nutreco,csrd_esg_env,trcf_targets,Nutreco,cu__trcf_targets
2026_01_dataContract__nutreco__csrd_esg_soc__age_diversity,dataContract__nutreco__csrd_esg_soc__age_diversity,2026,1,15/01/2026,yearly,nutreco,csrd_esg_soc,age_diversity,Nutreco,cu__age_diversity
2026_01_dataContract__nutreco__csrd_esg_soc__performance_reviews,dataContract__nutreco__csrd_esg_soc__performance_reviews,2026,1,15/01/2026,yearly,nutreco,csrd_esg_soc,performance_reviews,Nutreco,cu__performance_reviews
2026_01_dataContract__nutreco__csrd_esg_soc__days_lost_injuries,dataContract__nutreco__csrd_esg_soc__days_lost_injuries,2026,1,15/01/2026,yearly,nutreco,csrd_esg_soc,days_lost_injuries,Nutreco,cu__days_lost_injuries
2026_01_dataContract__nutreco__csrd_esg_soc__ill_health,dataContract__nutreco__csrd_esg_soc__ill_health,2026,1,15/01/2026,yearly,nutreco,csrd_esg_soc,ill_health,Nutreco,cu__ill_health
2026_01_dataContract__nutreco__csrd_esg_soc__employee_characteristics,dataContract__nutreco__csrd_esg_soc__employee_characteristics,2026,1,15/01/2026,yearly,nutreco,csrd_esg_soc,employee_characteristics,Nutreco,cu__employee_characteristics
2026_01_dataContract__nutreco__csrd_esg_soc__training_hours,dataContract__nutreco__csrd_esg_soc__training_hours,2026,1,15/01/2026,yearly,nutreco,csrd_esg_soc,training_hours,Nutreco,cu__training_hours
2026_01_dataContract__nutreco__csrd_esg_env__ghg_baseline,dataContract__nutreco__csrd_esg_env__ghg_baseline,2026,1,15/01/2026,yearly,nutreco,csrd_esg_env,ghg_baseline,Nutreco,cu__ghg_baseline
2026_01_dataContract__nutreco__csrd_esg_env__decarbonization,dataContract__nutreco__csrd_esg_env__decarbonization,2026,1,15/01/2026,yearly,nutreco,csrd_esg_env,decarbonization,Nutreco,cu__decarbonization
2026_01_dataContract__nutreco__csrd_esg_env__capex_plan,dataContract__nutreco__csrd_esg_env__capex_plan,2026,1,15/01/2026,quarterly,nutreco,csrd_esg_env,capex_plan,Nutreco,cu__capex_plan
2026_04_dataContract__nutreco__csrd_esg_env__capex_plan,dataContract__nutreco__csrd_esg_env__capex_plan,2026,4,15/04/2026,quarterly,nutreco,csrd_esg_env,capex_plan,Nutreco,cu__capex_plan
2026_07_dataContract__nutreco__csrd_esg_env__capex_plan,dataContract__nutreco__csrd_esg_env__capex_plan,2026,7,15/07/2026,quarterly,nutreco,csrd_esg_env,capex_plan,Nutreco,cu__capex_plan
2026_10_dataContract__nutreco__csrd_esg_env__capex_plan,dataContract__nutreco__csrd_esg_env__capex_plan,2026,10,15/10/2026,quarterly,nutreco,csrd_esg_env,capex_plan,Nutreco,cu__capex_plan
2026_01_dataContract__nutreco__csrd_esg_env__sc2_ghg,dataContract__nutreco__csrd_esg_env__sc2_ghg,2026,1,15/01/2026,quarterly,nutreco,csrd_esg_env,sc2_ghg,Nutreco,cu__sc2_ghg
2026_04_dataContract__nutreco__csrd_esg_env__sc2_ghg,dataContract__nutreco__csrd_esg_env__sc2_ghg,2026,4,15/04/2026,quarterly,nutreco,csrd_esg_env,sc2_ghg,Nutreco,cu__sc2_ghg
2026_07_dataContract__nutreco__csrd_esg_env__sc2_ghg,dataContract__nutreco__csrd_esg_env__sc2_ghg,2026,7,15/07/2026,quarterly,nutreco,csrd_esg_env,sc2_ghg,Nutreco,cu__sc2_ghg
2026_10_dataContract__nutreco__csrd_esg_env__sc2_ghg,dataContract__nutreco__csrd_esg_env__sc2_ghg,2026,10,15/10/2026,quarterly,nutreco,csrd_esg_env,sc2_ghg,Nutreco,cu__sc2_ghg
2026_01_dataContract__nutreco__csrd_esg_env__capex_incurred,dataContract__nutreco__csrd_esg_env__capex_incurred,2026,1,15/01/2026,quarterly,nutreco,csrd_esg_env,capex_incurred,Nutreco,cu__capex_incurred
2026_04_dataContract__nutreco__csrd_esg_env__capex_incurred,dataContract__nutreco__csrd_esg_env__capex_incurred,2026,4,15/04/2026,quarterly,nutreco,csrd_esg_env,capex_incurred,Nutreco,cu__capex_incurred
2026_07_dataContract__nutreco__csrd_esg_env__capex_incurred,dataContract__nutreco__csrd_esg_env__capex_incurred,2026,7,15/07/2026,quarterly,nutreco,csrd_esg_env,capex_incurred,Nutreco,cu__capex_incurred
2026_10_dataContract__nutreco__csrd_esg_env__capex_incurred,dataContract__nutreco__csrd_esg_env__capex_incurred,2026,10,15/10/2026,quarterly,nutreco,csrd_esg_env,capex_incurred,Nutreco,cu__capex_incurred
2026_01_dataContract__nutreco__csrd_esg_env__energy_consumption_sources,dataContract__nutreco__csrd_esg_env__energy_consumption_sources,2026,1,15/01/2026,quarterly,nutreco,csrd_esg_env,energy_consumption_sources,Nutreco,cu__energy_consumption_sources
2026_04_dataContract__nutreco__csrd_esg_env__energy_consumption_sources,dataContract__nutreco__csrd_esg_env__energy_consumption_sources,2026,4,15/04/2026,quarterly,nutreco,csrd_esg_env,energy_consumption_sources,Nutreco,cu__energy_consumption_sources
2026_07_dataContract__nutreco__csrd_esg_env__energy_consumption_sources,dataContract__nutreco__csrd_esg_env__energy_consumption_sources,2026,7,15/07/2026,quarterly,nutreco,csrd_esg_env,energy_consumption_sources,Nutreco,cu__energy_consumption_sources
2026_10_dataContract__nutreco__csrd_esg_env__energy_consumption_sources,dataContract__nutreco__csrd_esg_env__energy_consumption_sources,2026,10,15/10/2026,quarterly,nutreco,csrd_esg_env,energy_consumption_sources,Nutreco,cu__energy_consumption_sources
2026_01_dataContract__nutreco__csrd_esg_env__energy_consumption_subsources,dataContract__nutreco__csrd_esg_env__energy_consumption_subsources,2026,1,15/01/2026,quarterly,nutreco,csrd_esg_env,energy_consumption_subsources,Nutreco,cu__energy_consumption_subsources
2026_04_dataContract__nutreco__csrd_esg_env__energy_consumption_subsources,dataContract__nutreco__csrd_esg_env__energy_consumption_subsources,2026,4,15/04/2026,quarterly,nutreco,csrd_esg_env,energy_consumption_subsources,Nutreco,cu__energy_consumption_subsources
2026_07_dataContract__nutreco__csrd_esg_env__energy_consumption_subsources,dataContract__nutreco__csrd_esg_env__energy_consumption_subsources,2026,7,15/07/2026,quarterly,nutreco,csrd_esg_env,energy_consumption_subsources,Nutreco,cu__energy_consumption_subsources
2026_10_dataContract__nutreco__csrd_esg_env__energy_consumption_subsources,dataContract__nutreco__csrd_esg_env__energy_consumption_subsources,2026,10,15/10/2026,quarterly,nutreco,csrd_esg_env,energy_consumption_subsources,Nutreco,cu__energy_consumption_subsources
2026_01_dataContract__nutreco__csrd_esg_env__sc1_ghg,dataContract__nutreco__csrd_esg_env__sc1_ghg,2026,1,15/01/2026,quarterly,nutreco,csrd_esg_env,sc1_ghg,Nutreco,cu__sc1_ghg
2026_04_dataContract__nutreco__csrd_esg_env__sc1_ghg,dataContract__nutreco__csrd_esg_env__sc1_ghg,2026,4,15/04/2026,quarterly,nutreco,csrd_esg_env,sc1_ghg,Nutreco,cu__sc1_ghg
2026_07_dataContract__nutreco__csrd_esg_env__sc1_ghg,dataContract__nutreco__csrd_esg_env__sc1_ghg,2026,7,15/07/2026,quarterly,nutreco,csrd_esg_env,sc1_ghg,Nutreco,cu__sc1_ghg
2026_10_dataContract__nutreco__csrd_esg_env__sc1_ghg,dataContract__nutreco__csrd_esg_env__sc1_ghg,2026,10,15/10/2026,quarterly,nutreco,csrd_esg_env,sc1_ghg,Nutreco,cu__sc1_ghg
2026_01_dataContract__nutreco__csrd_esg_env__opex_plan,dataContract__nutreco__csrd_esg_env__opex_plan,2026,1,15/01/2026,quarterly,nutreco,csrd_esg_env,opex_plan,Nutreco,cu__opex_plan
2026_04_dataContract__nutreco__csrd_esg_env__opex_plan,dataContract__nutreco__csrd_esg_env__opex_plan,2026,4,15/04/2026,quarterly,nutreco,csrd_esg_env,opex_plan,Nutreco,cu__opex_plan
2026_07_dataContract__nutreco__csrd_esg_env__opex_plan,dataContract__nutreco__csrd_esg_env__opex_plan,2026,7,15/07/2026,quarterly,nutreco,csrd_esg_env,opex_plan,Nutreco,cu__opex_plan
2026_10_dataContract__nutreco__csrd_esg_env__opex_plan,dataContract__nutreco__csrd_esg_env__opex_plan,2026,10,15/10/2026,quarterly,nutreco,csrd_esg_env,opex_plan,Nutreco,cu__opex_plan
2026_01_dataContract__nutreco__csrd_esg_env__opex_incurred,dataContract__nutreco__csrd_esg_env__opex_incurred,2026,1,15/01/2026,quarterly,nutreco,csrd_esg_env,opex_incurred,Nutreco,cu__opex_incurred
2026_04_dataContract__nutreco__csrd_esg_env__opex_incurred,dataContract__nutreco__csrd_esg_env__opex_incurred,2026,4,15/04/2026,quarterly,nutreco,csrd_esg_env,opex_incurred,Nutreco,cu__opex_incurred
2026_07_dataContract__nutreco__csrd_esg_env__opex_incurred,dataContract__nutreco__csrd_esg_env__opex_incurred,2026,7,15/07/2026,quarterly,nutreco,csrd_esg_env,opex_incurred,Nutreco,cu__opex_incurred
2026_10_dataContract__nutreco__csrd_esg_env__opex_incurred,dataContract__nutreco__csrd_esg_env__opex_incurred,2026,10,15/10/2026,quarterly,nutreco,csrd_esg_env,opex_incurred,Nutreco,cu__opex_incurred
2026_01_dataContract__nutreco__csrd_esg_env__sc3_ghg_categories,dataContract__nutreco__csrd_esg_env__sc3_ghg_categories,2026,1,15/01/2026,quarterly,nutreco,csrd_esg_env,sc3_ghg_categories,Nutreco,cu__sc3_ghg_categories
2026_04_dataContract__nutreco__csrd_esg_env__sc3_ghg_categories,dataContract__nutreco__csrd_esg_env__sc3_ghg_categories,2026,4,15/04/2026,quarterly,nutreco,csrd_esg_env,sc3_ghg_categories,Nutreco,cu__sc3_ghg_categories
2026_07_dataContract__nutreco__csrd_esg_env__sc3_ghg_categories,dataContract__nutreco__csrd_esg_env__sc3_ghg_categories,2026,7,15/07/2026,quarterly,nutreco,csrd_esg_env,sc3_ghg_categories,Nutreco,cu__sc3_ghg_categories
2026_10_dataContract__nutreco__csrd_esg_env__sc3_ghg_categories,dataContract__nutreco__csrd_esg_env__sc3_ghg_categories,2026,10,15/10/2026,quarterly,nutreco,csrd_esg_env,sc3_ghg_categories,Nutreco,cu__sc3_ghg_categories
2026_01_dataContract__nutreco__csrd_esg_env__energy_production,dataContract__nutreco__csrd_esg_env__energy_production,2026,1,15/01/2026,quarterly,nutreco,csrd_esg_env,energy_production,Nutreco,cu__energy_production
2026_04_dataContract__nutreco__csrd_esg_env__energy_production,dataContract__nutreco__csrd_esg_env__energy_production,2026,4,15/04/2026,quarterly,nutreco,csrd_esg_env,energy_production,Nutreco,cu__energy_production
2026_07_dataContract__nutreco__csrd_esg_env__energy_production,dataContract__nutreco__csrd_esg_env__energy_production,2026,7,15/07/2026,quarterly,nutreco,csrd_esg_env,energy_production,Nutreco,cu__energy_production
2026_10_dataContract__nutreco__csrd_esg_env__energy_production,dataContract__nutreco__csrd_esg_env__energy_production,2026,10,15/10/2026,quarterly,nutreco,csrd_esg_env,energy_production,Nutreco,cu__energy_production
2026_01_dataContract__nutreco__csrd_esg_env__ghg_targets,dataContract__nutreco__csrd_esg_env__ghg_targets,2026,1,15/01/2026,quarterly,nutreco,csrd_esg_env,ghg_targets,Nutreco,cu__ghg_targets
2026_04_dataContract__nutreco__csrd_esg_env__ghg_targets,dataContract__nutreco__csrd_esg_env__ghg_targets,2026,4,15/04/2026,quarterly,nutreco,csrd_esg_env,ghg_targets,Nutreco,cu__ghg_targets
2026_07_dataContract__nutreco__csrd_esg_env__ghg_targets,dataContract__nutreco__csrd_esg_env__ghg_targets,2026,7,15/07/2026,quarterly,nutreco,csrd_esg_env,ghg_targets,Nutreco,cu__ghg_targets
2026_10_dataContract__nutreco__csrd_esg_env__ghg_targets,dataContract__nutreco__csrd_esg_env__ghg_targets,2026,10,15/10/2026,quarterly,nutreco,csrd_esg_env,ghg_targets,Nutreco,cu__ghg_targets
2026_01_dataContract__nutreco__csrd_esg_env__biogenic_emissions_co2,dataContract__nutreco__csrd_esg_env__biogenic_emissions_co2,2026,1,15/01/2026,quarterly,nutreco,csrd_esg_env,biogenic_emissions_co2,Nutreco,cu__biogenic_emissions_co2
2026_04_dataContract__nutreco__csrd_esg_env__biogenic_emissions_co2,dataContract__nutreco__csrd_esg_env__biogenic_emissions_co2,2026,4,15/04/2026,quarterly,nutreco,csrd_esg_env,biogenic_emissions_co2,Nutreco,cu__biogenic_emissions_co2
2026_07_dataContract__nutreco__csrd_esg_env__biogenic_emissions_co2,dataContract__nutreco__csrd_esg_env__biogenic_emissions_co2,2026,7,15/07/2026,quarterly,nutreco,csrd_esg_env,biogenic_emissions_co2,Nutreco,cu__biogenic_emissions_co2
2026_10_dataContract__nutreco__csrd_esg_env__biogenic_emissions_co2,dataContract__nutreco__csrd_esg_env__biogenic_emissions_co2,2026,10,15/10/2026,quarterly,nutreco,csrd_esg_env,biogenic_emissions_co2,Nutreco,cu__biogenic_emissions_co2
2026_01_dataContract__nutreco__csrd_esg_env__energy_intensity,dataContract__nutreco__csrd_esg_env__energy_intensity,2026,1,15/01/2026,quarterly,nutreco,csrd_esg_env,energy_intensity,Nutreco,cu__energy_intensity
2026_04_dataContract__nutreco__csrd_esg_env__energy_intensity,dataContract__nutreco__csrd_esg_env__energy_intensity,2026,4,15/04/2026,quarterly,nutreco,csrd_esg_env,energy_intensity,Nutreco,cu__energy_intensity
2026_07_dataContract__nutreco__csrd_esg_env__energy_intensity,dataContract__nutreco__csrd_esg_env__energy_intensity,2026,7,15/07/2026,quarterly,nutreco,csrd_esg_env,energy_intensity,Nutreco,cu__energy_intensity
2026_10_dataContract__nutreco__csrd_esg_env__energy_intensity,dataContract__nutreco__csrd_esg_env__energy_intensity,2026,10,15/10/2026,quarterly,nutreco,csrd_esg_env,energy_intensity,Nutreco,cu__energy_intensity
2026_01_dataContract__nutreco__csrd_esg_env__sc1_ghg_ets,dataContract__nutreco__csrd_esg_env__sc1_ghg_ets,2026,1,15/01/2026,quarterly,nutreco,csrd_esg_env,sc1_ghg_ets,Nutreco,cu__sc1_ghg_ets
2026_04_dataContract__nutreco__csrd_esg_env__sc1_ghg_ets,dataContract__nutreco__csrd_esg_env__sc1_ghg_ets,2026,4,15/04/2026,quarterly,nutreco,csrd_esg_env,sc1_ghg_ets,Nutreco,cu__sc1_ghg_ets
2026_07_dataContract__nutreco__csrd_esg_env__sc1_ghg_ets,dataContract__nutreco__csrd_esg_env__sc1_ghg_ets,2026,7,15/07/2026,quarterly,nutreco,csrd_esg_env,sc1_ghg_ets,Nutreco,cu__sc1_ghg_ets
2026_10_dataContract__nutreco__csrd_esg_env__sc1_ghg_ets,dataContract__nutreco__csrd_esg_env__sc1_ghg_ets,2026,10,15/10/2026,quarterly,nutreco,csrd_esg_env,sc1_ghg_ets,Nutreco,cu__sc1_ghg_ets
2026_01_dataContract__nutreco__csrd_esg_env__capex_cog,dataContract__nutreco__csrd_esg_env__capex_cog,2026,1,15/01/2026,quarterly,nutreco,csrd_esg_env,capex_cog,Nutreco,cu__capex_cog
2026_04_dataContract__nutreco__csrd_esg_env__capex_cog,dataContract__nutreco__csrd_esg_env__capex_cog,2026,4,15/04/2026,quarterly,nutreco,csrd_esg_env,capex_cog,Nutreco,cu__capex_cog
2026_07_dataContract__nutreco__csrd_esg_env__capex_cog,dataContract__nutreco__csrd_esg_env__capex_cog,2026,7,15/07/2026,quarterly,nutreco,csrd_esg_env,capex_cog,Nutreco,cu__capex_cog
2026_10_dataContract__nutreco__csrd_esg_env__capex_cog,dataContract__nutreco__csrd_esg_env__capex_cog,2026,10,15/10/2026,quarterly,nutreco,csrd_esg_env,capex_cog,Nutreco,cu__capex_cog
2026_01_dataContract__nutreco__csrd_esg_env__ghg_reference_targets,dataContract__nutreco__csrd_esg_env__ghg_reference_targets,2026,1,15/01/2026,quarterly,nutreco,csrd_esg_env,ghg_reference_targets,Nutreco,cu__ghg_reference_targets
2026_04_dataContract__nutreco__csrd_esg_env__ghg_reference_targets,dataContract__nutreco__csrd_esg_env__ghg_reference_targets,2026,4,15/04/2026,quarterly,nutreco,csrd_esg_env,ghg_reference_targets,Nutreco,cu__ghg_reference_targets
2026_07_dataContract__nutreco__csrd_esg_env__ghg_reference_targets,dataContract__nutreco__csrd_esg_env__ghg_reference_targets,2026,7,15/07/2026,quarterly,nutreco,csrd_esg_env,ghg_reference_targets,Nutreco,cu__ghg_reference_targets
2026_10_dataContract__nutreco__csrd_esg_env__ghg_reference_targets,dataContract__nutreco__csrd_esg_env__ghg_reference_targets,2026,10,15/10/2026,quarterly,nutreco,csrd_esg_env,ghg_reference_targets,Nutreco,cu__ghg_reference_targets
2026_01_dataContract__nutreco__csrd_esg_env__sc2_contractual_instruments,dataContract__nutreco__csrd_esg_env__sc2_contractual_instruments,2026,1,15/01/2026,quarterly,nutreco,csrd_esg_env,sc2_contractual_instruments,Nutreco,cu__sc2_contractual_instruments
2026_04_dataContract__nutreco__csrd_esg_env__sc2_contractual_instruments,dataContract__nutreco__csrd_esg_env__sc2_contractual_instruments,2026,4,15/04/2026,quarterly,nutreco,csrd_esg_env,sc2_contractual_instruments,Nutreco,cu__sc2_contractual_instruments
2026_07_dataContract__nutreco__csrd_esg_env__sc2_contractual_instruments,dataContract__nutreco__csrd_esg_env__sc2_contractual_instruments,2026,7,15/07/2026,quarterly,nutreco,csrd_esg_env,sc2_contractual_instruments,Nutreco,cu__sc2_contractual_instruments
2026_10_dataContract__nutreco__csrd_esg_env__sc2_contractual_instruments,dataContract__nutreco__csrd_esg_env__sc2_contractual_instruments,2026,10,15/10/2026,quarterly,nutreco,csrd_esg_env,sc2_contractual_instruments,Nutreco,cu__sc2_contractual_instruments
2026_01_dataContract__shvenergy__csrd_esg_soc__injuries,dataContract__shvenergy__csrd_esg_soc__injuries,2026,1,15/01/2026,monthly,shvenergy,csrd_esg_soc,injuries,SHV Energy,cu__injuries
2026_02_dataContract__shvenergy__csrd_esg_soc__injuries,dataContract__shvenergy__csrd_esg_soc__injuries,2026,2,15/02/2026,monthly,shvenergy,csrd_esg_soc,injuries,SHV Energy,cu__injuries
2026_03_dataContract__shvenergy__csrd_esg_soc__injuries,dataContract__shvenergy__csrd_esg_soc__injuries,2026,3,15/03/2026,monthly,shvenergy,csrd_esg_soc,injuries,SHV Energy,cu__injuries
2026_04_dataContract__shvenergy__csrd_esg_soc__injuries,dataContract__shvenergy__csrd_esg_soc__injuries,2026,4,15/04/2026,monthly,shvenergy,csrd_esg_soc,injuries,SHV Energy,cu__injuries
2026_05_dataContract__shvenergy__csrd_esg_soc__injuries,dataContract__shvenergy__csrd_esg_soc__injuries,2026,5,15/05/2026,monthly,shvenergy,csrd_esg_soc,injuries,SHV Energy,cu__injuries
2026_06_dataContract__shvenergy__csrd_esg_soc__injuries,dataContract__shvenergy__csrd_esg_soc__injuries,2026,6,15/06/2026,monthly,shvenergy,csrd_esg_soc,injuries,SHV Energy,cu__injuries
2026_07_dataContract__shvenergy__csrd_esg_soc__injuries,dataContract__shvenergy__csrd_esg_soc__injuries,2026,7,15/07/2026,monthly,shvenergy,csrd_esg_soc,injuries,SHV Energy,cu__injuries
2026_08_dataContract__shvenergy__csrd_esg_soc__injuries,dataContract__shvenergy__csrd_esg_soc__injuries,2026,8,15/08/2026,monthly,shvenergy,csrd_esg_soc,injuries,SHV Energy,cu__injuries
2026_09_dataContract__shvenergy__csrd_esg_soc__injuries,dataContract__shvenergy__csrd_esg_soc__injuries,2026,9,15/09/2026,monthly,shvenergy,csrd_esg_soc,injuries,SHV Energy,cu__injuries
2026_10_dataContract__shvenergy__csrd_esg_soc__injuries,dataContract__shvenergy__csrd_esg_soc__injuries,2026,10,15/10/2026,monthly,shvenergy,csrd_esg_soc,injuries,SHV Energy,cu__injuries
2026_11_dataContract__shvenergy__csrd_esg_soc__injuries,dataContract__shvenergy__csrd_esg_soc__injuries,2026,11,15/11/2026,monthly,shvenergy,csrd_esg_soc,injuries,SHV Energy,cu__injuries
2026_12_dataContract__shvenergy__csrd_esg_soc__injuries,dataContract__shvenergy__csrd_esg_soc__injuries,2026,12,15/12/2026,monthly,shvenergy,csrd_esg_soc,injuries,SHV Energy,cu__injuries
2026_01_dataContract__shvenergy__csrd_esg_soc__psif,dataContract__shvenergy__csrd_esg_soc__psif,2026,1,15/01/2026,monthly,shvenergy,csrd_esg_soc,psif,SHV Energy,cu__psif
2026_02_dataContract__shvenergy__csrd_esg_soc__psif,dataContract__shvenergy__csrd_esg_soc__psif,2026,2,15/02/2026,monthly,shvenergy,csrd_esg_soc,psif,SHV Energy,cu__psif
2026_03_dataContract__shvenergy__csrd_esg_soc__psif,dataContract__shvenergy__csrd_esg_soc__psif,2026,3,15/03/2026,monthly,shvenergy,csrd_esg_soc,psif,SHV Energy,cu__psif
2026_04_dataContract__shvenergy__csrd_esg_soc__psif,dataContract__shvenergy__csrd_esg_soc__psif,2026,4,15/04/2026,monthly,shvenergy,csrd_esg_soc,psif,SHV Energy,cu__psif
2026_05_dataContract__shvenergy__csrd_esg_soc__psif,dataContract__shvenergy__csrd_esg_soc__psif,2026,5,15/05/2026,monthly,shvenergy,csrd_esg_soc,psif,SHV Energy,cu__psif
2026_06_dataContract__shvenergy__csrd_esg_soc__psif,dataContract__shvenergy__csrd_esg_soc__psif,2026,6,15/06/2026,monthly,shvenergy,csrd_esg_soc,psif,SHV Energy,cu__psif
2026_07_dataContract__shvenergy__csrd_esg_soc__psif,dataContract__shvenergy__csrd_esg_soc__psif,2026,7,15/07/2026,monthly,shvenergy,csrd_esg_soc,psif,SHV Energy,cu__psif
2026_08_dataContract__shvenergy__csrd_esg_soc__psif,dataContract__shvenergy__csrd_esg_soc__psif,2026,8,15/08/2026,monthly,shvenergy,csrd_esg_soc,psif,SHV Energy,cu__psif
2026_09_dataContract__shvenergy__csrd_esg_soc__psif,dataContract__shvenergy__csrd_esg_soc__psif,2026,9,15/09/2026,monthly,shvenergy,csrd_esg_soc,psif,SHV Energy,cu__psif
2026_10_dataContract__shvenergy__csrd_esg_soc__psif,dataContract__shvenergy__csrd_esg_soc__psif,2026,10,15/10/2026,monthly,shvenergy,csrd_esg_soc,psif,SHV Energy,cu__psif
2026_11_dataContract__shvenergy__csrd_esg_soc__psif,dataContract__shvenergy__csrd_esg_soc__psif,2026,11,15/11/2026,monthly,shvenergy,csrd_esg_soc,psif,SHV Energy,cu__psif
2026_12_dataContract__shvenergy__csrd_esg_soc__psif,dataContract__shvenergy__csrd_esg_soc__psif,2026,12,15/12/2026,monthly,shvenergy,csrd_esg_soc,psif,SHV Energy,cu__psif
2026_01_dataContract__shvenergy__csrd_esg_soc__health_safety,dataContract__shvenergy__csrd_esg_soc__health_safety,2026,1,15/01/2026,monthly,shvenergy,csrd_esg_soc,health_safety,SHV Energy,cu__health_safety
2026_02_dataContract__shvenergy__csrd_esg_soc__health_safety,dataContract__shvenergy__csrd_esg_soc__health_safety,2026,2,15/02/2026,monthly,shvenergy,csrd_esg_soc,health_safety,SHV Energy,cu__health_safety
2026_03_dataContract__shvenergy__csrd_esg_soc__health_safety,dataContract__shvenergy__csrd_esg_soc__health_safety,2026,3,15/03/2026,monthly,shvenergy,csrd_esg_soc,health_safety,SHV Energy,cu__health_safety
2026_04_dataContract__shvenergy__csrd_esg_soc__health_safety,dataContract__shvenergy__csrd_esg_soc__health_safety,2026,4,15/04/2026,monthly,shvenergy,csrd_esg_soc,health_safety,SHV Energy,cu__health_safety
2026_05_dataContract__shvenergy__csrd_esg_soc__health_safety,dataContract__shvenergy__csrd_esg_soc__health_safety,2026,5,15/05/2026,monthly,shvenergy,csrd_esg_soc,health_safety,SHV Energy,cu__health_safety
2026_06_dataContract__shvenergy__csrd_esg_soc__health_safety,dataContract__shvenergy__csrd_esg_soc__health_safety,2026,6,15/06/2026,monthly,shvenergy,csrd_esg_soc,health_safety,SHV Energy,cu__health_safety
2026_07_dataContract__shvenergy__csrd_esg_soc__health_safety,dataContract__shvenergy__csrd_esg_soc__health_safety,2026,7,15/07/2026,monthly,shvenergy,csrd_esg_soc,health_safety,SHV Energy,cu__health_safety
2026_08_dataContract__shvenergy__csrd_esg_soc__health_safety,dataContract__shvenergy__csrd_esg_soc__health_safety,2026,8,15/08/2026,monthly,shvenergy,csrd_esg_soc,health_safety,SHV Energy,cu__health_safety
2026_09_dataContract__shvenergy__csrd_esg_soc__health_safety,dataContract__shvenergy__csrd_esg_soc__health_safety,2026,9,15/09/2026,monthly,shvenergy,csrd_esg_soc,health_safety,SHV Energy,cu__health_safety
2026_10_dataContract__shvenergy__csrd_esg_soc__health_safety,dataContract__shvenergy__csrd_esg_soc__health_safety,2026,10,15/10/2026,monthly,shvenergy,csrd_esg_soc,health_safety,SHV Energy,cu__health_safety
2026_11_dataContract__shvenergy__csrd_esg_soc__health_safety,dataContract__shvenergy__csrd_esg_soc__health_safety,2026,11,15/11/2026,monthly,shvenergy,csrd_esg_soc,health_safety,SHV Energy,cu__health_safety
2026_12_dataContract__shvenergy__csrd_esg_soc__health_safety,dataContract__shvenergy__csrd_esg_soc__health_safety,2026,12,15/12/2026,monthly,shvenergy,csrd_esg_soc,health_safety,SHV Energy,cu__health_safety
2026_01_dataContract__shvenergy__csrd_esg_env__trcf_targets,dataContract__shvenergy__csrd_esg_env__trcf_targets,2026,1,15/01/2026,yearly,shvenergy,csrd_esg_env,trcf_targets,SHV Energy,cu__trcf_targets
2026_01_dataContract__shvenergy__csrd_esg_soc__age_diversity,dataContract__shvenergy__csrd_esg_soc__age_diversity,2026,1,15/01/2026,yearly,shvenergy,csrd_esg_soc,age_diversity,SHV Energy,cu__age_diversity
2026_01_dataContract__shvenergy__csrd_esg_soc__performance_reviews,dataContract__shvenergy__csrd_esg_soc__performance_reviews,2026,1,15/01/2026,yearly,shvenergy,csrd_esg_soc,performance_reviews,SHV Energy,cu__performance_reviews
2026_01_dataContract__shvenergy__csrd_esg_soc__days_lost_injuries,dataContract__shvenergy__csrd_esg_soc__days_lost_injuries,2026,1,15/01/2026,yearly,shvenergy,csrd_esg_soc,days_lost_injuries,SHV Energy,cu__days_lost_injuries
2026_01_dataContract__shvenergy__csrd_esg_soc__ill_health,dataContract__shvenergy__csrd_esg_soc__ill_health,2026,1,15/01/2026,yearly,shvenergy,csrd_esg_soc,ill_health,SHV Energy,cu__ill_health
2026_01_dataContract__shvenergy__csrd_esg_soc__employee_characteristics,dataContract__shvenergy__csrd_esg_soc__employee_characteristics,2026,1,15/01/2026,yearly,shvenergy,csrd_esg_soc,employee_characteristics,SHV Energy,cu__employee_characteristics
2026_01_dataContract__shvenergy__csrd_esg_soc__training_hours,dataContract__shvenergy__csrd_esg_soc__training_hours,2026,1,15/01/2026,yearly,shvenergy,csrd_esg_soc,training_hours,SHV Energy,cu__training_hours
2026_01_dataContract__shvenergy__csrd_esg_env__ghg_baseline,dataContract__shvenergy__csrd_esg_env__ghg_baseline,2026,1,15/01/2026,yearly,shvenergy,csrd_esg_env,ghg_baseline,SHV Energy,cu__ghg_baseline
2026_01_dataContract__shvenergy__csrd_esg_env__decarbonization,dataContract__shvenergy__csrd_esg_env__decarbonization,2026,1,15/01/2026,yearly,shvenergy,csrd_esg_env,decarbonization,SHV Energy,cu__decarbonization
2026_01_dataContract__shvenergy__csrd_esg_env__capex_plan,dataContract__shvenergy__csrd_esg_env__capex_plan,2026,1,15/01/2026,quarterly,shvenergy,csrd_esg_env,capex_plan,SHV Energy,cu__capex_plan
2026_04_dataContract__shvenergy__csrd_esg_env__capex_plan,dataContract__shvenergy__csrd_esg_env__capex_plan,2026,4,15/04/2026,quarterly,shvenergy,csrd_esg_env,capex_plan,SHV Energy,cu__capex_plan
2026_07_dataContract__shvenergy__csrd_esg_env__capex_plan,dataContract__shvenergy__csrd_esg_env__capex_plan,2026,7,15/07/2026,quarterly,shvenergy,csrd_esg_env,capex_plan,SHV Energy,cu__capex_plan
2026_10_dataContract__shvenergy__csrd_esg_env__capex_plan,dataContract__shvenergy__csrd_esg_env__capex_plan,2026,10,15/10/2026,quarterly,shvenergy,csrd_esg_env,capex_plan,SHV Energy,cu__capex_plan
2026_01_dataContract__shvenergy__csrd_esg_env__sc2_ghg,dataContract__shvenergy__csrd_esg_env__sc2_ghg,2026,1,15/01/2026,quarterly,shvenergy,csrd_esg_env,sc2_ghg,SHV Energy,cu__sc2_ghg
2026_04_dataContract__shvenergy__csrd_esg_env__sc2_ghg,dataContract__shvenergy__csrd_esg_env__sc2_ghg,2026,4,15/04/2026,quarterly,shvenergy,csrd_esg_env,sc2_ghg,SHV Energy,cu__sc2_ghg
2026_07_dataContract__shvenergy__csrd_esg_env__sc2_ghg,dataContract__shvenergy__csrd_esg_env__sc2_ghg,2026,7,15/07/2026,quarterly,shvenergy,csrd_esg_env,sc2_ghg,SHV Energy,cu__sc2_ghg
2026_10_dataContract__shvenergy__csrd_esg_env__sc2_ghg,dataContract__shvenergy__csrd_esg_env__sc2_ghg,2026,10,15/10/2026,quarterly,shvenergy,csrd_esg_env,sc2_ghg,SHV Energy,cu__sc2_ghg
2026_01_dataContract__shvenergy__csrd_esg_env__capex_incurred,dataContract__shvenergy__csrd_esg_env__capex_incurred,2026,1,15/01/2026,quarterly,shvenergy,csrd_esg_env,capex_incurred,SHV Energy,cu__capex_incurred
2026_04_dataContract__shvenergy__csrd_esg_env__capex_incurred,dataContract__shvenergy__csrd_esg_env__capex_incurred,2026,4,15/04/2026,quarterly,shvenergy,csrd_esg_env,capex_incurred,SHV Energy,cu__capex_incurred
2026_07_dataContract__shvenergy__csrd_esg_env__capex_incurred,dataContract__shvenergy__csrd_esg_env__capex_incurred,2026,7,15/07/2026,quarterly,shvenergy,csrd_esg_env,capex_incurred,SHV Energy,cu__capex_incurred
2026_10_dataContract__shvenergy__csrd_esg_env__capex_incurred,dataContract__shvenergy__csrd_esg_env__capex_incurred,2026,10,15/10/2026,quarterly,shvenergy,csrd_esg_env,capex_incurred,SHV Energy,cu__capex_incurred
2026_01_dataContract__shvenergy__csrd_esg_env__energy_consumption_sources,dataContract__shvenergy__csrd_esg_env__energy_consumption_sources,2026,1,15/01/2026,quarterly,shvenergy,csrd_esg_env,energy_consumption_sources,SHV Energy,cu__energy_consumption_sources
2026_04_dataContract__shvenergy__csrd_esg_env__energy_consumption_sources,dataContract__shvenergy__csrd_esg_env__energy_consumption_sources,2026,4,15/04/2026,quarterly,shvenergy,csrd_esg_env,energy_consumption_sources,SHV Energy,cu__energy_consumption_sources
2026_07_dataContract__shvenergy__csrd_esg_env__energy_consumption_sources,dataContract__shvenergy__csrd_esg_env__energy_consumption_sources,2026,7,15/07/2026,quarterly,shvenergy,csrd_esg_env,energy_consumption_sources,SHV Energy,cu__energy_consumption_sources
2026_10_dataContract__shvenergy__csrd_esg_env__energy_consumption_sources,dataContract__shvenergy__csrd_esg_env__energy_consumption_sources,2026,10,15/10/2026,quarterly,shvenergy,csrd_esg_env,energy_consumption_sources,SHV Energy,cu__energy_consumption_sources
2026_01_dataContract__shvenergy__csrd_esg_env__energy_consumption_subsources,dataContract__shvenergy__csrd_esg_env__energy_consumption_subsources,2026,1,15/01/2026,quarterly,shvenergy,csrd_esg_env,energy_consumption_subsources,SHV Energy,cu__energy_consumption_subsources
2026_04_dataContract__shvenergy__csrd_esg_env__energy_consumption_subsources,dataContract__shvenergy__csrd_esg_env__energy_consumption_subsources,2026,4,15/04/2026,quarterly,shvenergy,csrd_esg_env,energy_consumption_subsources,SHV Energy,cu__energy_consumption_subsources
2026_07_dataContract__shvenergy__csrd_esg_env__energy_consumption_subsources,dataContract__shvenergy__csrd_esg_env__energy_consumption_subsources,2026,7,15/07/2026,quarterly,shvenergy,csrd_esg_env,energy_consumption_subsources,SHV Energy,cu__energy_consumption_subsources
2026_10_dataContract__shvenergy__csrd_esg_env__energy_consumption_subsources,dataContract__shvenergy__csrd_esg_env__energy_consumption_subsources,2026,10,15/10/2026,quarterly,shvenergy,csrd_esg_env,energy_consumption_subsources,SHV Energy,cu__energy_consumption_subsources
2026_01_dataContract__shvenergy__csrd_esg_env__sc1_ghg,dataContract__shvenergy__csrd_esg_env__sc1_ghg,2026,1,15/01/2026,quarterly,shvenergy,csrd_esg_env,sc1_ghg,SHV Energy,cu__sc1_ghg
2026_04_dataContract__shvenergy__csrd_esg_env__sc1_ghg,dataContract__shvenergy__csrd_esg_env__sc1_ghg,2026,4,15/04/2026,quarterly,shvenergy,csrd_esg_env,sc1_ghg,SHV Energy,cu__sc1_ghg
2026_07_dataContract__shvenergy__csrd_esg_env__sc1_ghg,dataContract__shvenergy__csrd_esg_env__sc1_ghg,2026,7,15/07/2026,quarterly,shvenergy,csrd_esg_env,sc1_ghg,SHV Energy,cu__sc1_ghg
2026_10_dataContract__shvenergy__csrd_esg_env__sc1_ghg,dataContract__shvenergy__csrd_esg_env__sc1_ghg,2026,10,15/10/2026,quarterly,shvenergy,csrd_esg_env,sc1_ghg,SHV Energy,cu__sc1_ghg
2026_01_dataContract__shvenergy__csrd_esg_env__opex_plan,dataContract__shvenergy__csrd_esg_env__opex_plan,2026,1,15/01/2026,quarterly,shvenergy,csrd_esg_env,opex_plan,SHV Energy,cu__opex_plan
2026_04_dataContract__shvenergy__csrd_esg_env__opex_plan,dataContract__shvenergy__csrd_esg_env__opex_plan,2026,4,15/04/2026,quarterly,shvenergy,csrd_esg_env,opex_plan,SHV Energy,cu__opex_plan
2026_07_dataContract__shvenergy__csrd_esg_env__opex_plan,dataContract__shvenergy__csrd_esg_env__opex_plan,2026,7,15/07/2026,quarterly,shvenergy,csrd_esg_env,opex_plan,SHV Energy,cu__opex_plan
2026_10_dataContract__shvenergy__csrd_esg_env__opex_plan,dataContract__shvenergy__csrd_esg_env__opex_plan,2026,10,15/10/2026,quarterly,shvenergy,csrd_esg_env,opex_plan,SHV Energy,cu__opex_plan
2026_01_dataContract__shvenergy__csrd_esg_env__opex_incurred,dataContract__shvenergy__csrd_esg_env__opex_incurred,2026,1,15/01/2026,quarterly,shvenergy,csrd_esg_env,opex_incurred,SHV Energy,cu__opex_incurred
2026_04_dataContract__shvenergy__csrd_esg_env__opex_incurred,dataContract__shvenergy__csrd_esg_env__opex_incurred,2026,4,15/04/2026,quarterly,shvenergy,csrd_esg_env,opex_incurred,SHV Energy,cu__opex_incurred
2026_07_dataContract__shvenergy__csrd_esg_env__opex_incurred,dataContract__shvenergy__csrd_esg_env__opex_incurred,2026,7,15/07/2026,quarterly,shvenergy,csrd_esg_env,opex_incurred,SHV Energy,cu__opex_incurred
2026_10_dataContract__shvenergy__csrd_esg_env__opex_incurred,dataContract__shvenergy__csrd_esg_env__opex_incurred,2026,10,15/10/2026,quarterly,shvenergy,csrd_esg_env,opex_incurred,SHV Energy,cu__opex_incurred
2026_01_dataContract__shvenergy__csrd_esg_env__sc3_ghg_categories,dataContract__shvenergy__csrd_esg_env__sc3_ghg_categories,2026,1,15/01/2026,quarterly,shvenergy,csrd_esg_env,sc3_ghg_categories,SHV Energy,cu__sc3_ghg_categories
2026_04_dataContract__shvenergy__csrd_esg_env__sc3_ghg_categories,dataContract__shvenergy__csrd_esg_env__sc3_ghg_categories,2026,4,15/04/2026,quarterly,shvenergy,csrd_esg_env,sc3_ghg_categories,SHV Energy,cu__sc3_ghg_categories
2026_07_dataContract__shvenergy__csrd_esg_env__sc3_ghg_categories,dataContract__shvenergy__csrd_esg_env__sc3_ghg_categories,2026,7,15/07/2026,quarterly,shvenergy,csrd_esg_env,sc3_ghg_categories,SHV Energy,cu__sc3_ghg_categories
2026_10_dataContract__shvenergy__csrd_esg_env__sc3_ghg_categories,dataContract__shvenergy__csrd_esg_env__sc3_ghg_categories,2026,10,15/10/2026,quarterly,shvenergy,csrd_esg_env,sc3_ghg_categories,SHV Energy,cu__sc3_ghg_categories
2026_01_dataContract__shvenergy__csrd_esg_env__energy_production,dataContract__shvenergy__csrd_esg_env__energy_production,2026,1,15/01/2026,quarterly,shvenergy,csrd_esg_env,energy_production,SHV Energy,cu__energy_production
2026_04_dataContract__shvenergy__csrd_esg_env__energy_production,dataContract__shvenergy__csrd_esg_env__energy_production,2026,4,15/04/2026,quarterly,shvenergy,csrd_esg_env,energy_production,SHV Energy,cu__energy_production
2026_07_dataContract__shvenergy__csrd_esg_env__energy_production,dataContract__shvenergy__csrd_esg_env__energy_production,2026,7,15/07/2026,quarterly,shvenergy,csrd_esg_env,energy_production,SHV Energy,cu__energy_production
2026_10_dataContract__shvenergy__csrd_esg_env__energy_production,dataContract__shvenergy__csrd_esg_env__energy_production,2026,10,15/10/2026,quarterly,shvenergy,csrd_esg_env,energy_production,SHV Energy,cu__energy_production
2026_01_dataContract__shvenergy__csrd_esg_env__ghg_targets,dataContract__shvenergy__csrd_esg_env__ghg_targets,2026,1,15/01/2026,quarterly,shvenergy,csrd_esg_env,ghg_targets,SHV Energy,cu__ghg_targets
2026_04_dataContract__shvenergy__csrd_esg_env__ghg_targets,dataContract__shvenergy__csrd_esg_env__ghg_targets,2026,4,15/04/2026,quarterly,shvenergy,csrd_esg_env,ghg_targets,SHV Energy,cu__ghg_targets
2026_07_dataContract__shvenergy__csrd_esg_env__ghg_targets,dataContract__shvenergy__csrd_esg_env__ghg_targets,2026,7,15/07/2026,quarterly,shvenergy,csrd_esg_env,ghg_targets,SHV Energy,cu__ghg_targets
2026_10_dataContract__shvenergy__csrd_esg_env__ghg_targets,dataContract__shvenergy__csrd_esg_env__ghg_targets,2026,10,15/10/2026,quarterly,shvenergy,csrd_esg_env,ghg_targets,SHV Energy,cu__ghg_targets
2026_01_dataContract__shvenergy__csrd_esg_env__biogenic_emissions_co2,dataContract__shvenergy__csrd_esg_env__biogenic_emissions_co2,2026,1,15/01/2026,quarterly,shvenergy,csrd_esg_env,biogenic_emissions_co2,SHV Energy,cu__biogenic_emissions_co2
2026_04_dataContract__shvenergy__csrd_esg_env__biogenic_emissions_co2,dataContract__shvenergy__csrd_esg_env__biogenic_emissions_co2,2026,4,15/04/2026,quarterly,shvenergy,csrd_esg_env,biogenic_emissions_co2,SHV Energy,cu__biogenic_emissions_co2
2026_07_dataContract__shvenergy__csrd_esg_env__biogenic_emissions_co2,dataContract__shvenergy__csrd_esg_env__biogenic_emissions_co2,2026,7,15/07/2026,quarterly,shvenergy,csrd_esg_env,biogenic_emissions_co2,SHV Energy,cu__biogenic_emissions_co2
2026_10_dataContract__shvenergy__csrd_esg_env__biogenic_emissions_co2,dataContract__shvenergy__csrd_esg_env__biogenic_emissions_co2,2026,10,15/10/2026,quarterly,shvenergy,csrd_esg_env,biogenic_emissions_co2,SHV Energy,cu__biogenic_emissions_co2
2026_01_dataContract__shvenergy__csrd_esg_env__energy_intensity,dataContract__shvenergy__csrd_esg_env__energy_intensity,2026,1,15/01/2026,quarterly,shvenergy,csrd_esg_env,energy_intensity,SHV Energy,cu__energy_intensity
2026_04_dataContract__shvenergy__csrd_esg_env__energy_intensity,dataContract__shvenergy__csrd_esg_env__energy_intensity,2026,4,15/04/2026,quarterly,shvenergy,csrd_esg_env,energy_intensity,SHV Energy,cu__energy_intensity
2026_07_dataContract__shvenergy__csrd_esg_env__energy_intensity,dataContract__shvenergy__csrd_esg_env__energy_intensity,2026,7,15/07/2026,quarterly,shvenergy,csrd_esg_env,energy_intensity,SHV Energy,cu__energy_intensity
2026_10_dataContract__shvenergy__csrd_esg_env__energy_intensity,dataContract__shvenergy__csrd_esg_env__energy_intensity,2026,10,15/10/2026,quarterly,shvenergy,csrd_esg_env,energy_intensity,SHV Energy,cu__energy_intensity
2026_01_dataContract__shvenergy__csrd_esg_env__sc1_ghg_ets,dataContract__shvenergy__csrd_esg_env__sc1_ghg_ets,2026,1,15/01/2026,quarterly,shvenergy,csrd_esg_env,sc1_ghg_ets,SHV Energy,cu__sc1_ghg_ets
2026_04_dataContract__shvenergy__csrd_esg_env__sc1_ghg_ets,dataContract__shvenergy__csrd_esg_env__sc1_ghg_ets,2026,4,15/04/2026,quarterly,shvenergy,csrd_esg_env,sc1_ghg_ets,SHV Energy,cu__sc1_ghg_ets
2026_07_dataContract__shvenergy__csrd_esg_env__sc1_ghg_ets,dataContract__shvenergy__csrd_esg_env__sc1_ghg_ets,2026,7,15/07/2026,quarterly,shvenergy,csrd_esg_env,sc1_ghg_ets,SHV Energy,cu__sc1_ghg_ets
2026_10_dataContract__shvenergy__csrd_esg_env__sc1_ghg_ets,dataContract__shvenergy__csrd_esg_env__sc1_ghg_ets,2026,10,15/10/2026,quarterly,shvenergy,csrd_esg_env,sc1_ghg_ets,SHV Energy,cu__sc1_ghg_ets
2026_01_dataContract__shvenergy__csrd_esg_env__capex_cog,dataContract__shvenergy__csrd_esg_env__capex_cog,2026,1,15/01/2026,quarterly,shvenergy,csrd_esg_env,capex_cog,SHV Energy,cu__capex_cog
2026_04_dataContract__shvenergy__csrd_esg_env__capex_cog,dataContract__shvenergy__csrd_esg_env__capex_cog,2026,4,15/04/2026,quarterly,shvenergy,csrd_esg_env,capex_cog,SHV Energy,cu__capex_cog
2026_07_dataContract__shvenergy__csrd_esg_env__capex_cog,dataContract__shvenergy__csrd_esg_env__capex_cog,2026,7,15/07/2026,quarterly,shvenergy,csrd_esg_env,capex_cog,SHV Energy,cu__capex_cog
2026_10_dataContract__shvenergy__csrd_esg_env__capex_cog,dataContract__shvenergy__csrd_esg_env__capex_cog,2026,10,15/10/2026,quarterly,shvenergy,csrd_esg_env,capex_cog,SHV Energy,cu__capex_cog
2026_01_dataContract__shvenergy__csrd_esg_env__ghg_reference_targets,dataContract__shvenergy__csrd_esg_env__ghg_reference_targets,2026,1,15/01/2026,quarterly,shvenergy,csrd_esg_env,ghg_reference_targets,SHV Energy,cu__ghg_reference_targets
2026_04_dataContract__shvenergy__csrd_esg_env__ghg_reference_targets,dataContract__shvenergy__csrd_esg_env__ghg_reference_targets,2026,4,15/04/2026,quarterly,shvenergy,csrd_esg_env,ghg_reference_targets,SHV Energy,cu__ghg_reference_targets
2026_07_dataContract__shvenergy__csrd_esg_env__ghg_reference_targets,dataContract__shvenergy__csrd_esg_env__ghg_reference_targets,2026,7,15/07/2026,quarterly,shvenergy,csrd_esg_env,ghg_reference_targets,SHV Energy,cu__ghg_reference_targets
2026_10_dataContract__shvenergy__csrd_esg_env__ghg_reference_targets,dataContract__shvenergy__csrd_esg_env__ghg_reference_targets,2026,10,15/10/2026,quarterly,shvenergy,csrd_esg_env,ghg_reference_targets,SHV Energy,cu__ghg_reference_targets
2026_01_dataContract__shvenergy__csrd_esg_env__sc2_contractual_instruments,dataContract__shvenergy__csrd_esg_env__sc2_contractual_instruments,2026,1,15/01/2026,quarterly,shvenergy,csrd_esg_env,sc2_contractual_instruments,SHV Energy,cu__sc2_contractual_instruments
2026_04_dataContract__shvenergy__csrd_esg_env__sc2_contractual_instruments,dataContract__shvenergy__csrd_esg_env__sc2_contractual_instruments,2026,4,15/04/2026,quarterly,shvenergy,csrd_esg_env,sc2_contractual_instruments,SHV Energy,cu__sc2_contractual_instruments
2026_07_dataContract__shvenergy__csrd_esg_env__sc2_contractual_instruments,dataContract__shvenergy__csrd_esg_env__sc2_contractual_instruments,2026,7,15/07/2026,quarterly,shvenergy,csrd_esg_env,sc2_contractual_instruments,SHV Energy,cu__sc2_contractual_instruments
2026_10_dataContract__shvenergy__csrd_esg_env__sc2_contractual_instruments,dataContract__shvenergy__csrd_esg_env__sc2_contractual_instruments,2026,10,15/10/2026,quarterly,shvenergy,csrd_esg_env,sc2_contractual_instruments,SHV Energy,cu__sc2_contractual_instruments
2026_01_dataContract__shv__csrd_ref__dim_country,dataContract__shv__csrd_ref__dim_country,2026,1,15/01/2026,half_yearly,shv,csrd_ref,dim_country,SHV Holdings,cu__dim_country
2026_07_dataContract__shv__csrd_ref__dim_country,dataContract__shv__csrd_ref__dim_country,2026,7,15/07/2026,half_yearly,shv,csrd_ref,dim_country,SHV Holdings,cu__dim_country
2026_01_dataContract__shv__csrd_ref__dim_group,dataContract__shv__csrd_ref__dim_group,2026,1,15/01/2026,half_yearly,shv,csrd_ref,dim_group,SHV Holdings,cu__dim_group
2026_07_dataContract__shv__csrd_ref__dim_group,dataContract__shv__csrd_ref__dim_group,2026,7,15/07/2026,half_yearly,shv,csrd_ref,dim_group,SHV Holdings,cu__dim_group
2026_01_dataContract__shv__csrd_ref__dim_workforce_category,dataContract__shv__csrd_ref__dim_workforce_category,2026,1,15/01/2026,half_yearly,shv,csrd_ref,dim_workforce_category,SHV Holdings,cu__dim_workforce_category
2026_07_dataContract__shv__csrd_ref__dim_workforce_category,dataContract__shv__csrd_ref__dim_workforce_category,2026,7,15/07/2026,half_yearly,shv,csrd_ref,dim_workforce_category,SHV Holdings,cu__dim_workforce_category
2026_01_dataContract__shv__csrd_ref__dim_injury_type,dataContract__shv__csrd_ref__dim_injury_type,2026,1,15/01/2026,half_yearly,shv,csrd_ref,dim_injury_type,SHV Holdings,cu__dim_injury_type
2026_07_dataContract__shv__csrd_ref__dim_injury_type,dataContract__shv__csrd_ref__dim_injury_type,2026,7,15/07/2026,half_yearly,shv,csrd_ref,dim_injury_type,SHV Holdings,cu__dim_injury_type
2026_01_dataContract__shv__csrd_ref__dim_life_saving_rules,dataContract__shv__csrd_ref__dim_life_saving_rules,2026,1,15/01/2026,half_yearly,shv,csrd_ref,dim_life_saving_rules,SHV Holdings,cu__dim_life_saving_rules
2026_07_dataContract__shv__csrd_ref__dim_life_saving_rules,dataContract__shv__csrd_ref__dim_life_saving_rules,2026,7,15/07/2026,half_yearly,shv,csrd_ref,dim_life_saving_rules,SHV Holdings,cu__dim_life_saving_rules
2026_01_dataContract__shv__csrd_ref__dim_severe_injury_fatality,dataContract__shv__csrd_ref__dim_severe_injury_fatality,2026,1,15/01/2026,half_yearly,shv,csrd_ref,dim_severe_injury_fatality,SHV Holdings,cu__dim_severe_injury_fatality
2026_07_dataContract__shv__csrd_ref__dim_severe_injury_fatality,dataContract__shv__csrd_ref__dim_severe_injury_fatality,2026,7,15/07/2026,half_yearly,shv,csrd_ref,dim_severe_injury_fatality,SHV Holdings,cu__dim_severe_injury_fatality
2026_01_dataContract__shv__csrd_ref__dim_site,dataContract__shv__csrd_ref__dim_site,2026,1,15/01/2026,half_yearly,shv,csrd_ref,dim_site,SHV Holdings,cu__dim_site
2026_07_dataContract__shv__csrd_ref__dim_site,dataContract__shv__csrd_ref__dim_site,2026,7,15/07/2026,half_yearly,shv,csrd_ref,dim_site,SHV Holdings,cu__dim_site
2026_01_dataContract__shv__csrd_ref__summary_notes,dataContract__shv__csrd_ref__summary_notes,2026,1,15/01/2026,half_yearly,shv,csrd_ref,summary_notes,SHV Holdings,cu__summary_notes
2026_07_dataContract__shv__csrd_ref__summary_notes,dataContract__shv__csrd_ref__summary_notes,2026,7,15/07/2026,half_yearly,shv,csrd_ref,summary_notes,SHV Holdings,cu__summary_notes
2026_01_dataContract__shv__csrd_ref__dim_sc2_type,dataContract__shv__csrd_ref__dim_sc2_type,2026,1,15/01/2026,half_yearly,shv,csrd_ref,dim_sc2_type,SHV Holdings,cu__dim_sc2_type
2026_07_dataContract__shv__csrd_ref__dim_sc2_type,dataContract__shv__csrd_ref__dim_sc2_type,2026,7,15/07/2026,half_yearly,shv,csrd_ref,dim_sc2_type,SHV Holdings,cu__dim_sc2_type
2026_01_dataContract__shv__csrd_ref__dim_sc3_category,dataContract__shv__csrd_ref__dim_sc3_category,2026,1,15/01/2026,half_yearly,shv,csrd_ref,dim_sc3_category,SHV Holdings,cu__dim_sc3_category
2026_07_dataContract__shv__csrd_ref__dim_sc3_category,dataContract__shv__csrd_ref__dim_sc3_category,2026,7,15/07/2026,half_yearly,shv,csrd_ref,dim_sc3_category,SHV Holdings,cu__dim_sc3_category
2026_01_dataContract__shv__csrd_ref__dim_energy_production,dataContract__shv__csrd_ref__dim_energy_production,2026,1,15/01/2026,half_yearly,shv,csrd_ref,dim_energy_production,SHV Holdings,cu__dim_energy_production
2026_07_dataContract__shv__csrd_ref__dim_energy_production,dataContract__shv__csrd_ref__dim_energy_production,2026,7,15/07/2026,half_yearly,shv,csrd_ref,dim_energy_production,SHV Holdings,cu__dim_energy_production
2026_01_dataContract__shv__csrd_ref__dim_scope,dataContract__shv__csrd_ref__dim_scope,2026,1,15/01/2026,half_yearly,shv,csrd_ref,dim_scope,SHV Holdings,cu__dim_scope
2026_07_dataContract__shv__csrd_ref__dim_scope,dataContract__shv__csrd_ref__dim_scope,2026,7,15/07/2026,half_yearly,shv,csrd_ref,dim_scope,SHV Holdings,cu__dim_scope
2026_01_dataContract__shv__csrd_ref__dim_fin_op_control,dataContract__shv__csrd_ref__dim_fin_op_control,2026,1,15/01/2026,half_yearly,shv,csrd_ref,dim_fin_op_control,SHV Holdings,cu__dim_fin_op_control
2026_07_dataContract__shv__csrd_ref__dim_fin_op_control,dataContract__shv__csrd_ref__dim_fin_op_control,2026,7,15/07/2026,half_yearly,shv,csrd_ref,dim_fin_op_control,SHV Holdings,cu__dim_fin_op_control
2026_01_dataContract__shv__csrd_ref__dim_energy_source,dataContract__shv__csrd_ref__dim_energy_source,2026,1,15/01/2026,half_yearly,shv,csrd_ref,dim_energy_source,SHV Holdings,cu__dim_energy_source
2026_07_dataContract__shv__csrd_ref__dim_energy_source,dataContract__shv__csrd_ref__dim_energy_source,2026,7,15/07/2026,half_yearly,shv,csrd_ref,dim_energy_source,SHV Holdings,cu__dim_energy_source
2026_01_dataContract__shv__csrd_ref__dim_decarbonization_taxonomy,dataContract__shv__csrd_ref__dim_decarbonization_taxonomy,2026,1,15/01/2026,half_yearly,shv,csrd_ref,dim_decarbonization_taxonomy,SHV Holdings,cu__dim_decarbonization_taxonomy
2026_07_dataContract__shv__csrd_ref__dim_decarbonization_taxonomy,dataContract__shv__csrd_ref__dim_decarbonization_taxonomy,2026,7,15/07/2026,half_yearly,shv,csrd_ref,dim_decarbonization_taxonomy,SHV Holdings,cu__dim_decarbonization_taxonomy
2026_01_dataContract__shv__csrd_ref__dim_reporting_entity,dataContract__shv__csrd_ref__dim_reporting_entity,2026,1,15/01/2026,half_yearly,shv,csrd_ref,dim_reporting_entity,SHV Holdings,cu__dim_reporting_entity
2026_07_dataContract__shv__csrd_ref__dim_reporting_entity,dataContract__shv__csrd_ref__dim_reporting_entity,2026,7,15/07/2026,half_yearly,shv,csrd_ref,dim_reporting_entity,SHV Holdings,cu__dim_reporting_entity
2026_01_dataContract__shv__csrd_ref__dim_energy_subsource,dataContract__shv__csrd_ref__dim_energy_subsource,2026,1,15/01/2026,half_yearly,shv,csrd_ref,dim_energy_subsource,SHV Holdings,cu__dim_energy_subsource
2026_07_dataContract__shv__csrd_ref__dim_energy_subsource,dataContract__shv__csrd_ref__dim_energy_subsource,2026,7,15/07/2026,half_yearly,shv,csrd_ref,dim_energy_subsource,SHV Holdings,cu__dim_energy_subsource
2026_01_dataContract__shv__csrd_ref__dim_contract,dataContract__shv__csrd_ref__dim_contract,2026,1,15/01/2026,half_yearly,shv,csrd_ref,dim_contract,SHV Holdings,cu__dim_contract
2026_07_dataContract__shv__csrd_ref__dim_contract,dataContract__shv__csrd_ref__dim_contract,2026,7,15/07/2026,half_yearly,shv,csrd_ref,dim_contract,SHV Holdings,cu__dim_contract
2026_01_dataContract__shv__csrd_ref__dim_gender,dataContract__shv__csrd_ref__dim_gender,2026,1,15/01/2026,half_yearly,shv,csrd_ref,dim_gender,SHV Holdings,cu__dim_gender
2026_07_dataContract__shv__csrd_ref__dim_gender,dataContract__shv__csrd_ref__dim_gender,2026,7,15/07/2026,half_yearly,shv,csrd_ref,dim_gender,SHV Holdings,cu__dim_gender
2026_01_dataContract__shv__csrd_ref__dim_sc2_instrument,dataContract__shv__csrd_ref__dim_sc2_instrument,2026,1,15/01/2026,half_yearly,shv,csrd_ref,dim_sc2_instrument,SHV Holdings,cu__dim_sc2_instrument
2026_07_dataContract__shv__csrd_ref__dim_sc2_instrument,dataContract__shv__csrd_ref__dim_sc2_instrument,2026,7,15/07/2026,half_yearly,shv,csrd_ref,dim_sc2_instrument,SHV Holdings,cu__dim_sc2_instrument
2026_01_dataContract__shv__csrd_ref__dim_biogenic_source,dataContract__shv__csrd_ref__dim_biogenic_source,2026,1,15/01/2026,half_yearly,shv,csrd_ref,dim_biogenic_source,SHV Holdings,cu__dim_biogenic_source
2026_07_dataContract__shv__csrd_ref__dim_biogenic_source,dataContract__shv__csrd_ref__dim_biogenic_source,2026,7,15/07/2026,half_yearly,shv,csrd_ref,dim_biogenic_source,SHV Holdings,cu__dim_biogenic_source
2026_01_dataContract__shv__csrd_ref__dim_age_group,dataContract__shv__csrd_ref__dim_age_group,2026,1,15/01/2026,half_yearly,shv,csrd_ref,dim_age_group,SHV Holdings,cu__dim_age_group
2026_07_dataContract__shv__csrd_ref__dim_age_group,dataContract__shv__csrd_ref__dim_age_group,2026,7,15/07/2026,half_yearly,shv,csrd_ref,dim_age_group,SHV Holdings,cu__dim_age_group
2026_01_dataContract__shv__csrd_ref__dim_cog,dataContract__shv__csrd_ref__dim_cog,2026,1,15/01/2026,half_yearly,shv,csrd_ref,dim_cog,SHV Holdings,cu__dim_cog
2026_07_dataContract__shv__csrd_ref__dim_cog,dataContract__shv__csrd_ref__dim_cog,2026,7,15/07/2026,half_yearly,shv,csrd_ref,dim_cog,SHV Holdings,cu__dim_cog
