sdp_group_filename,hash_id,dc_name,year,month,received_ts_rai,received_ts_quar,status_3_on_time,status_4_schema_failed,status_5_quar_scope,status_6_quar_time,status_7_dq_records,status_8_bus_approved,status_9_reached_gold,insp_record_count
20260104134100__kiwa__csrd_esg_soc__injuries,2026_01_dataContract__kiwa__csrd_esg_soc__injuries,dataContract__kiwa__csrd_esg_soc__injuries,2026,1,01/04/2026 13:41,,445,FALSE,FALSE,FALSE,FALSE,FALSE,403,445
20260207160300__kiwa__csrd_esg_soc__injuries,2026_02_dataContract__kiwa__csrd_esg_soc__injuries,dataContract__kiwa__csrd_esg_soc__injuries,2026,2,02/07/2026 16:03,,4206,FALSE,FALSE,FALSE,FALSE,FALSE,3875,4206
20260308081500__kiwa__csrd_esg_soc__injuries,2026_03_dataContract__kiwa__csrd_esg_soc__injuries,dataContract__kiwa__csrd_esg_soc__injuries,2026,3,03/08/2026 08:15,,793,FALSE,FALSE,FALSE,FALSE,FALSE,757,793
20260411081400__kiwa__csrd_esg_soc__injuries,2026_04_dataContract__kiwa__csrd_esg_soc__injuries,dataContract__kiwa__csrd_esg_soc__injuries,2026,4,04/11/2026 08:14,,4825,FALSE,FALSE,FALSE,FALSE,FALSE,4799,4825
20260508071400__kiwa__csrd_esg_soc__injuries,2026_05_dataContract__kiwa__csrd_esg_soc__injuries,dataContract__kiwa__csrd_esg_soc__injuries,2026,5,05/08/2026 07:14,,431,FALSE,FALSE,FALSE,FALSE,FALSE,411,431
20260108093400__kiwa__csrd_esg_soc__psif,2026_01_dataContract__kiwa__csrd_esg_soc__psif,dataContract__kiwa__csrd_esg_soc__psif,2026,1,01/08/2026 09:34,,1014,FALSE,FALSE,FALSE,FALSE,FALSE,970,1014
20260212090600__kiwa__csrd_esg_soc__psif,2026_02_dataContract__kiwa__csrd_esg_soc__psif,dataContract__kiwa__csrd_esg_soc__psif,2026,2,02/12/2026 09:06,,4814,FALSE,FALSE,FALSE,FALSE,FALSE,4607,4814
20260303154500__kiwa__csrd_esg_soc__psif,2026_03_dataContract__kiwa__csrd_esg_soc__psif,dataContract__kiwa__csrd_esg_soc__psif,2026,3,03/03/2026 15:45,,564,FALSE,FALSE,FALSE,FALSE,FALSE,539,564
20260409173400__kiwa__csrd_esg_soc__psif,2026_04_dataContract__kiwa__csrd_esg_soc__psif,dataContract__kiwa__csrd_esg_soc__psif,2026,4,04/09/2026 17:34,,3552,FALSE,FALSE,FALSE,FALSE,FALSE,3472,3552
20260509121900__kiwa__csrd_esg_soc__psif,2026_05_dataContract__kiwa__csrd_esg_soc__psif,dataContract__kiwa__csrd_esg_soc__psif,2026,5,05/09/2026 12:19,,2085,FALSE,FALSE,FALSE,FALSE,FALSE,2042,2085
20260105083600__kiwa__csrd_esg_soc__health_safety,2026_01_dataContract__kiwa__csrd_esg_soc__health_safety,dataContract__kiwa__csrd_esg_soc__health_safety,2026,1,01/05/2026 08:36,,2509,FALSE,FALSE,FALSE,FALSE,FALSE,2389,2509
20260213141800__kiwa__csrd_esg_soc__health_safety,2026_02_dataContract__kiwa__csrd_esg_soc__health_safety,dataContract__kiwa__csrd_esg_soc__health_safety,2026,2,2/13/26 14:18,,649,FALSE,FALSE,FALSE,TRUE,FALSE,15,649
20260314120900__kiwa__csrd_esg_soc__health_safety,2026_03_dataContract__kiwa__csrd_esg_soc__health_safety,dataContract__kiwa__csrd_esg_soc__health_safety,2026,3,3/14/26 12:09,,4055,FALSE,FALSE,FALSE,FALSE,FALSE,3820,4055
20260510165000__kiwa__csrd_esg_soc__health_safety,2026_05_dataContract__kiwa__csrd_esg_soc__health_safety,dataContract__kiwa__csrd_esg_soc__health_safety,2026,5,05/10/2026 16:50,,2620,FALSE,FALSE,FALSE,FALSE,FALSE,2447,2620
20260109165100__kiwa__csrd_esg_env__trcf_targets,2026_01_dataContract__kiwa__csrd_esg_env__trcf_targets,dataContract__kiwa__csrd_esg_env__trcf_targets,2026,1,01/09/2026 16:51,,3787,FALSE,FALSE,FALSE,FALSE,FALSE,3434,3787
20260106144400__kiwa__csrd_esg_soc__age_diversity,2026_01_dataContract__kiwa__csrd_esg_soc__age_diversity,dataContract__kiwa__csrd_esg_soc__age_diversity,2026,1,01/06/2026 14:44,,582,FALSE,FALSE,FALSE,FALSE,FALSE,527,582
20260112164300__kiwa__csrd_esg_soc__performance_reviews,2026_01_dataContract__kiwa__csrd_esg_soc__performance_reviews,dataContract__kiwa__csrd_esg_soc__performance_reviews,2026,1,01/12/2026 16:43,,3700,FALSE,FALSE,FALSE,FALSE,FALSE,3435,3700
20260112120100__kiwa__csrd_esg_soc__days_lost_injuries,2026_01_dataContract__kiwa__csrd_esg_soc__days_lost_injuries,dataContract__kiwa__csrd_esg_soc__days_lost_injuries,2026,1,01/12/2026 12:01,,3832,FALSE,FALSE,FALSE,FALSE,FALSE,3585,3832
20260109071300__kiwa__csrd_esg_soc__ill_health,2026_01_dataContract__kiwa__csrd_esg_soc__ill_health,dataContract__kiwa__csrd_esg_soc__ill_health,2026,1,01/09/2026 07:13,,2404,FALSE,FALSE,FALSE,FALSE,FALSE,2194,2404
20260108140500__kiwa__csrd_esg_soc__employee_characteristics,2026_01_dataContract__kiwa__csrd_esg_soc__employee_characteristics,dataContract__kiwa__csrd_esg_soc__employee_characteristics,2026,1,01/08/2026 14:05,,1412,FALSE,FALSE,FALSE,FALSE,FALSE,1334,1412
20260104135500__kiwa__csrd_esg_soc__training_hours,2026_01_dataContract__kiwa__csrd_esg_soc__training_hours,dataContract__kiwa__csrd_esg_soc__training_hours,2026,1,01/04/2026 13:55,,4557,FALSE,FALSE,FALSE,FALSE,FALSE,4228,4557
20260107175600__kiwa__csrd_esg_env__ghg_baseline,2026_01_dataContract__kiwa__csrd_esg_env__ghg_baseline,dataContract__kiwa__csrd_esg_env__ghg_baseline,2026,1,01/07/2026 17:56,,3166,FALSE,FALSE,FALSE,FALSE,FALSE,3152,3166
20260104091400__kiwa__csrd_esg_env__decarbonization,2026_01_dataContract__kiwa__csrd_esg_env__decarbonization,dataContract__kiwa__csrd_esg_env__decarbonization,2026,1,01/04/2026 09:14,,1961,FALSE,FALSE,FALSE,FALSE,FALSE,1767,1961
20260104111800__kiwa__csrd_esg_env__capex_plan,2026_01_dataContract__kiwa__csrd_esg_env__capex_plan,dataContract__kiwa__csrd_esg_env__capex_plan,2026,1,01/04/2026 11:18,,83,FALSE,FALSE,FALSE,TRUE,FALSE,2,83
20260411162000__kiwa__csrd_esg_env__capex_plan,2026_04_dataContract__kiwa__csrd_esg_env__capex_plan,dataContract__kiwa__csrd_esg_env__capex_plan,2026,4,04/11/2026 16:20,,1078,FALSE,FALSE,FALSE,FALSE,FALSE,1044,1078
20260111174300__kiwa__csrd_esg_env__sc2_ghg,2026_01_dataContract__kiwa__csrd_esg_env__sc2_ghg,dataContract__kiwa__csrd_esg_env__sc2_ghg,2026,1,01/11/2026 17:43,,492,FALSE,FALSE,FALSE,FALSE,FALSE,465,492
20260412152500__kiwa__csrd_esg_env__sc2_ghg,2026_04_dataContract__kiwa__csrd_esg_env__sc2_ghg,dataContract__kiwa__csrd_esg_env__sc2_ghg,2026,4,04/12/2026 15:25,,3310,FALSE,FALSE,FALSE,TRUE,FALSE,264,3310
20260112130300__kiwa__csrd_esg_env__capex_incurred,2026_01_dataContract__kiwa__csrd_esg_env__capex_incurred,dataContract__kiwa__csrd_esg_env__capex_incurred,2026,1,01/12/2026 13:03,,1611,FALSE,FALSE,FALSE,FALSE,FALSE,1460,1611
20260404082100__kiwa__csrd_esg_env__capex_incurred,2026_04_dataContract__kiwa__csrd_esg_env__capex_incurred,dataContract__kiwa__csrd_esg_env__capex_incurred,2026,4,04/04/2026 08:21,,4971,FALSE,FALSE,FALSE,FALSE,FALSE,4500,4971
20260104150600__kiwa__csrd_esg_env__energy_consumption_sources,2026_01_dataContract__kiwa__csrd_esg_env__energy_consumption_sources,dataContract__kiwa__csrd_esg_env__energy_consumption_sources,2026,1,01/04/2026 15:06,,3028,FALSE,FALSE,FALSE,FALSE,FALSE,2911,3028
20260405162400__kiwa__csrd_esg_env__energy_consumption_sources,2026_04_dataContract__kiwa__csrd_esg_env__energy_consumption_sources,dataContract__kiwa__csrd_esg_env__energy_consumption_sources,2026,4,04/05/2026 16:24,,1266,FALSE,FALSE,FALSE,FALSE,FALSE,1219,1266
20260117142900__kiwa__csrd_esg_env__energy_consumption_subsources,2026_01_dataContract__kiwa__csrd_esg_env__energy_consumption_subsources,dataContract__kiwa__csrd_esg_env__energy_consumption_subsources,2026,1,,1/17/26 14:29,0,FALSE,FALSE,TRUE,FALSE,FALSE,0,
20260406080900__kiwa__csrd_esg_env__energy_consumption_subsources,2026_04_dataContract__kiwa__csrd_esg_env__energy_consumption_subsources,dataContract__kiwa__csrd_esg_env__energy_consumption_subsources,2026,4,04/06/2026 08:09,,887,FALSE,FALSE,FALSE,FALSE,FALSE,864,887
20260109181000__kiwa__csrd_esg_env__sc1_ghg,2026_01_dataContract__kiwa__csrd_esg_env__sc1_ghg,dataContract__kiwa__csrd_esg_env__sc1_ghg,2026,1,01/09/2026 18:10,,4279,FALSE,FALSE,FALSE,FALSE,FALSE,3860,4279
20260416151900__kiwa__csrd_esg_env__sc1_ghg,2026_04_dataContract__kiwa__csrd_esg_env__sc1_ghg,dataContract__kiwa__csrd_esg_env__sc1_ghg,2026,4,,4/16/26 15:19,0,FALSE,FALSE,TRUE,FALSE,FALSE,0,
20260413113300__kiwa__csrd_esg_env__opex_plan,2026_04_dataContract__kiwa__csrd_esg_env__opex_plan,dataContract__kiwa__csrd_esg_env__opex_plan,2026,4,4/13/26 11:33,,3054,FALSE,FALSE,FALSE,TRUE,FALSE,554,3054
20260105153400__kiwa__csrd_esg_env__opex_incurred,2026_01_dataContract__kiwa__csrd_esg_env__opex_incurred,dataContract__kiwa__csrd_esg_env__opex_incurred,2026,1,01/05/2026 15:34,,4168,FALSE,FALSE,FALSE,FALSE,FALSE,3888,4168
20260414105100__kiwa__csrd_esg_env__opex_incurred,2026_04_dataContract__kiwa__csrd_esg_env__opex_incurred,dataContract__kiwa__csrd_esg_env__opex_incurred,2026,4,4/14/26 10:51,,2011,FALSE,FALSE,FALSE,FALSE,FALSE,1974,2011
20260105103300__kiwa__csrd_esg_env__sc3_ghg_categories,2026_01_dataContract__kiwa__csrd_esg_env__sc3_ghg_categories,dataContract__kiwa__csrd_esg_env__sc3_ghg_categories,2026,1,01/05/2026 10:33,,4086,FALSE,FALSE,FALSE,FALSE,FALSE,3822,4086
20260402113000__kiwa__csrd_esg_env__sc3_ghg_categories,2026_04_dataContract__kiwa__csrd_esg_env__sc3_ghg_categories,dataContract__kiwa__csrd_esg_env__sc3_ghg_categories,2026,4,04/02/2026 11:30,,2173,FALSE,FALSE,FALSE,FALSE,FALSE,1997,2173
20260107145100__kiwa__csrd_esg_env__energy_production,2026_01_dataContract__kiwa__csrd_esg_env__energy_production,dataContract__kiwa__csrd_esg_env__energy_production,2026,1,01/07/2026 14:51,,2913,FALSE,FALSE,FALSE,FALSE,FALSE,2899,2913
20260405081400__kiwa__csrd_esg_env__energy_production,2026_04_dataContract__kiwa__csrd_esg_env__energy_production,dataContract__kiwa__csrd_esg_env__energy_production,2026,4,04/05/2026 08:14,,3900,FALSE,FALSE,FALSE,FALSE,FALSE,3586,3900
20260111165300__kiwa__csrd_esg_env__ghg_targets,2026_01_dataContract__kiwa__csrd_esg_env__ghg_targets,dataContract__kiwa__csrd_esg_env__ghg_targets,2026,1,01/11/2026 16:53,,65,FALSE,FALSE,FALSE,FALSE,FALSE,61,65
20260414170500__kiwa__csrd_esg_env__ghg_targets,2026_04_dataContract__kiwa__csrd_esg_env__ghg_targets,dataContract__kiwa__csrd_esg_env__ghg_targets,2026,4,4/14/26 17:05,,1032,FALSE,FALSE,FALSE,FALSE,FALSE,1022,1032
20260114103000__kiwa__csrd_esg_env__biogenic_emissions_co2,2026_01_dataContract__kiwa__csrd_esg_env__biogenic_emissions_co2,dataContract__kiwa__csrd_esg_env__biogenic_emissions_co2,2026,1,1/14/26 10:30,1/14/26 10:30,0,TRUE,FALSE,FALSE,FALSE,FALSE,0,
20260114123000__kiwa__csrd_esg_env__biogenic_emissions_co2,2026_01_dataContract__kiwa__csrd_esg_env__biogenic_emissions_co2,dataContract__kiwa__csrd_esg_env__biogenic_emissions_co2,2026,1,1/14/26 12:30,1/14/26 12:30,0,TRUE,FALSE,FALSE,FALSE,FALSE,0,
20260114143000__kiwa__csrd_esg_env__biogenic_emissions_co2,2026_01_dataContract__kiwa__csrd_esg_env__biogenic_emissions_co2,dataContract__kiwa__csrd_esg_env__biogenic_emissions_co2,2026,1,1/14/26 14:30,1/14/26 14:30,0,TRUE,FALSE,FALSE,FALSE,FALSE,0,
20260114173000__kiwa__csrd_esg_env__biogenic_emissions_co2,2026_01_dataContract__kiwa__csrd_esg_env__biogenic_emissions_co2,dataContract__kiwa__csrd_esg_env__biogenic_emissions_co2,2026,1,1/14/26 17:30,,1512,FALSE,FALSE,FALSE,FALSE,FALSE,1480,1512
20260414182500__kiwa__csrd_esg_env__biogenic_emissions_co2,2026_04_dataContract__kiwa__csrd_esg_env__biogenic_emissions_co2,dataContract__kiwa__csrd_esg_env__biogenic_emissions_co2,2026,4,4/14/26 18:25,,3844,FALSE,FALSE,FALSE,FALSE,FALSE,3613,3844
20260116093700__kiwa__csrd_esg_env__energy_intensity,2026_01_dataContract__kiwa__csrd_esg_env__energy_intensity,dataContract__kiwa__csrd_esg_env__energy_intensity,2026,1,,1/16/26 9:37,0,FALSE,FALSE,TRUE,FALSE,FALSE,0,
20260414170900__kiwa__csrd_esg_env__energy_intensity,2026_04_dataContract__kiwa__csrd_esg_env__energy_intensity,dataContract__kiwa__csrd_esg_env__energy_intensity,2026,4,4/14/26 17:09,4/14/26 17:09,0,TRUE,FALSE,FALSE,FALSE,FALSE,0,
20260407093500__kiwa__csrd_esg_env__sc1_ghg_ets,2026_04_dataContract__kiwa__csrd_esg_env__sc1_ghg_ets,dataContract__kiwa__csrd_esg_env__sc1_ghg_ets,2026,4,04/07/2026 09:35,,4541,FALSE,FALSE,FALSE,FALSE,FALSE,4146,4541
20260113170600__kiwa__csrd_esg_env__capex_cog,2026_01_dataContract__kiwa__csrd_esg_env__capex_cog,dataContract__kiwa__csrd_esg_env__capex_cog,2026,1,1/13/26 17:06,,4363,FALSE,FALSE,FALSE,FALSE,FALSE,4253,4363
20260405100100__kiwa__csrd_esg_env__capex_cog,2026_04_dataContract__kiwa__csrd_esg_env__capex_cog,dataContract__kiwa__csrd_esg_env__capex_cog,2026,4,04/05/2026 10:01,,2113,FALSE,FALSE,FALSE,FALSE,FALSE,1946,2113
20260114162000__kiwa__csrd_esg_env__ghg_reference_targets,2026_01_dataContract__kiwa__csrd_esg_env__ghg_reference_targets,dataContract__kiwa__csrd_esg_env__ghg_reference_targets,2026,1,1/14/26 16:20,,2174,FALSE,FALSE,FALSE,FALSE,FALSE,2074,2174
20260402182200__kiwa__csrd_esg_env__ghg_reference_targets,2026_04_dataContract__kiwa__csrd_esg_env__ghg_reference_targets,dataContract__kiwa__csrd_esg_env__ghg_reference_targets,2026,4,04/02/2026 18:22,,3803,FALSE,FALSE,FALSE,TRUE,FALSE,503,3803
20260110135200__kiwa__csrd_esg_env__sc2_contractual_instruments,2026_01_dataContract__kiwa__csrd_esg_env__sc2_contractual_instruments,dataContract__kiwa__csrd_esg_env__sc2_contractual_instruments,2026,1,01/10/2026 13:52,01/10/2026 13:52,0,TRUE,FALSE,FALSE,FALSE,FALSE,0,
20260110155200__kiwa__csrd_esg_env__sc2_contractual_instruments,2026_01_dataContract__kiwa__csrd_esg_env__sc2_contractual_instruments,dataContract__kiwa__csrd_esg_env__sc2_contractual_instruments,2026,1,01/10/2026 15:52,01/10/2026 15:52,0,TRUE,FALSE,FALSE,FALSE,FALSE,0,
20260110185200__kiwa__csrd_esg_env__sc2_contractual_instruments,2026_01_dataContract__kiwa__csrd_esg_env__sc2_contractual_instruments,dataContract__kiwa__csrd_esg_env__sc2_contractual_instruments,2026,1,01/10/2026 18:52,,4159,FALSE,FALSE,FALSE,FALSE,FALSE,3964,4159
20260402144900__kiwa__csrd_esg_env__sc2_contractual_instruments,2026_04_dataContract__kiwa__csrd_esg_env__sc2_contractual_instruments,dataContract__kiwa__csrd_esg_env__sc2_contractual_instruments,2026,4,04/02/2026 14:49,,1550,FALSE,FALSE,FALSE,FALSE,FALSE,1489,1550
20260104090900__mammoet__csrd_esg_soc__injuries,2026_01_dataContract__mammoet__csrd_esg_soc__injuries,dataContract__mammoet__csrd_esg_soc__injuries,2026,1,01/04/2026 09:09,01/04/2026 09:09,0,TRUE,FALSE,FALSE,FALSE,FALSE,0,
20260104110900__mammoet__csrd_esg_soc__injuries,2026_01_dataContract__mammoet__csrd_esg_soc__injuries,dataContract__mammoet__csrd_esg_soc__injuries,2026,1,01/04/2026 11:09,01/04/2026 11:09,0,TRUE,FALSE,FALSE,FALSE,FALSE,0,
20260104140900__mammoet__csrd_esg_soc__injuries,2026_01_dataContract__mammoet__csrd_esg_soc__injuries,dataContract__mammoet__csrd_esg_soc__injuries,2026,1,01/04/2026 14:09,,3928,FALSE,FALSE,FALSE,FALSE,FALSE,3753,3928
20260210153500__mammoet__csrd_esg_soc__injuries,2026_02_dataContract__mammoet__csrd_esg_soc__injuries,dataContract__mammoet__csrd_esg_soc__injuries,2026,2,02/10/2026 15:35,,4002,FALSE,FALSE,FALSE,FALSE,FALSE,3915,4002
20260310071500__mammoet__csrd_esg_soc__injuries,2026_03_dataContract__mammoet__csrd_esg_soc__injuries,dataContract__mammoet__csrd_esg_soc__injuries,2026,3,03/10/2026 07:15,,1617,FALSE,FALSE,FALSE,FALSE,FALSE,1500,1617
20260410143500__mammoet__csrd_esg_soc__injuries,2026_04_dataContract__mammoet__csrd_esg_soc__injuries,dataContract__mammoet__csrd_esg_soc__injuries,2026,4,04/10/2026 14:35,04/10/2026 14:35,0,TRUE,FALSE,FALSE,FALSE,FALSE,0,
20260410163500__mammoet__csrd_esg_soc__injuries,2026_04_dataContract__mammoet__csrd_esg_soc__injuries,dataContract__mammoet__csrd_esg_soc__injuries,2026,4,04/10/2026 16:35,04/10/2026 16:35,0,TRUE,FALSE,FALSE,FALSE,FALSE,0,
20260410193500__mammoet__csrd_esg_soc__injuries,2026_04_dataContract__mammoet__csrd_esg_soc__injuries,dataContract__mammoet__csrd_esg_soc__injuries,2026,4,04/10/2026 19:35,,278,FALSE,FALSE,FALSE,FALSE,FALSE,262,278
20260510163200__mammoet__csrd_esg_soc__injuries,2026_05_dataContract__mammoet__csrd_esg_soc__injuries,dataContract__mammoet__csrd_esg_soc__injuries,2026,5,05/10/2026 16:32,,1683,FALSE,FALSE,FALSE,FALSE,FALSE,1631,1683
20260110143200__mammoet__csrd_esg_soc__psif,2026_01_dataContract__mammoet__csrd_esg_soc__psif,dataContract__mammoet__csrd_esg_soc__psif,2026,1,01/10/2026 14:32,,2078,FALSE,FALSE,FALSE,FALSE,FALSE,2015,2078
20260206155700__mammoet__csrd_esg_soc__psif,2026_02_dataContract__mammoet__csrd_esg_soc__psif,dataContract__mammoet__csrd_esg_soc__psif,2026,2,02/06/2026 15:57,,1709,FALSE,FALSE,FALSE,TRUE,FALSE,287,1709
20260303132800__mammoet__csrd_esg_soc__psif,2026_03_dataContract__mammoet__csrd_esg_soc__psif,dataContract__mammoet__csrd_esg_soc__psif,2026,3,03/03/2026 13:28,,2638,FALSE,FALSE,FALSE,FALSE,FALSE,2393,2638
20260403104200__mammoet__csrd_esg_soc__psif,2026_04_dataContract__mammoet__csrd_esg_soc__psif,dataContract__mammoet__csrd_esg_soc__psif,2026,4,04/03/2026 10:42,,2530,FALSE,FALSE,FALSE,FALSE,FALSE,2475,2530
20260504184100__mammoet__csrd_esg_soc__psif,2026_05_dataContract__mammoet__csrd_esg_soc__psif,dataContract__mammoet__csrd_esg_soc__psif,2026,5,05/04/2026 18:41,05/04/2026 18:41,0,TRUE,FALSE,FALSE,FALSE,FALSE,0,
20260104141400__mammoet__csrd_esg_soc__health_safety,2026_01_dataContract__mammoet__csrd_esg_soc__health_safety,dataContract__mammoet__csrd_esg_soc__health_safety,2026,1,01/04/2026 14:14,,821,FALSE,FALSE,FALSE,FALSE,FALSE,771,821
20260212101000__mammoet__csrd_esg_soc__health_safety,2026_02_dataContract__mammoet__csrd_esg_soc__health_safety,dataContract__mammoet__csrd_esg_soc__health_safety,2026,2,02/12/2026 10:10,,3585,FALSE,FALSE,FALSE,FALSE,FALSE,3582,3585
20260308102200__mammoet__csrd_esg_soc__health_safety,2026_03_dataContract__mammoet__csrd_esg_soc__health_safety,dataContract__mammoet__csrd_esg_soc__health_safety,2026,3,03/08/2026 10:22,,2659,FALSE,FALSE,FALSE,FALSE,FALSE,2417,2659
20260407152900__mammoet__csrd_esg_soc__health_safety,2026_04_dataContract__mammoet__csrd_esg_soc__health_safety,dataContract__mammoet__csrd_esg_soc__health_safety,2026,4,04/07/2026 15:29,,3658,FALSE,FALSE,FALSE,FALSE,FALSE,3549,3658
20260510161800__mammoet__csrd_esg_soc__health_safety,2026_05_dataContract__mammoet__csrd_esg_soc__health_safety,dataContract__mammoet__csrd_esg_soc__health_safety,2026,5,05/10/2026 16:18,,4246,FALSE,FALSE,FALSE,FALSE,FALSE,4229,4246
20260114105600__mammoet__csrd_esg_env__trcf_targets,2026_01_dataContract__mammoet__csrd_esg_env__trcf_targets,dataContract__mammoet__csrd_esg_env__trcf_targets,2026,1,1/14/26 10:56,,908,FALSE,FALSE,FALSE,FALSE,FALSE,824,908
20260114091700__mammoet__csrd_esg_soc__age_diversity,2026_01_dataContract__mammoet__csrd_esg_soc__age_diversity,dataContract__mammoet__csrd_esg_soc__age_diversity,2026,1,1/14/26 9:17,,1111,FALSE,FALSE,FALSE,FALSE,FALSE,1090,1111
20260112112500__mammoet__csrd_esg_soc__performance_reviews,2026_01_dataContract__mammoet__csrd_esg_soc__performance_reviews,dataContract__mammoet__csrd_esg_soc__performance_reviews,2026,1,01/12/2026 11:25,,1273,FALSE,FALSE,FALSE,TRUE,FALSE,136,1273
20260109182000__mammoet__csrd_esg_soc__days_lost_injuries,2026_01_dataContract__mammoet__csrd_esg_soc__days_lost_injuries,dataContract__mammoet__csrd_esg_soc__days_lost_injuries,2026,1,01/09/2026 18:20,,782,FALSE,FALSE,FALSE,FALSE,FALSE,725,782
20260104135700__mammoet__csrd_esg_soc__ill_health,2026_01_dataContract__mammoet__csrd_esg_soc__ill_health,dataContract__mammoet__csrd_esg_soc__ill_health,2026,1,01/04/2026 13:57,01/04/2026 13:57,0,TRUE,FALSE,FALSE,FALSE,FALSE,0,
20260104155700__mammoet__csrd_esg_soc__ill_health,2026_01_dataContract__mammoet__csrd_esg_soc__ill_health,dataContract__mammoet__csrd_esg_soc__ill_health,2026,1,01/04/2026 15:57,01/04/2026 15:57,0,TRUE,FALSE,FALSE,FALSE,FALSE,0,
20260104175700__mammoet__csrd_esg_soc__ill_health,2026_01_dataContract__mammoet__csrd_esg_soc__ill_health,dataContract__mammoet__csrd_esg_soc__ill_health,2026,1,01/04/2026 17:57,01/04/2026 17:57,0,TRUE,FALSE,FALSE,FALSE,FALSE,0,
20260104205700__mammoet__csrd_esg_soc__ill_health,2026_01_dataContract__mammoet__csrd_esg_soc__ill_health,dataContract__mammoet__csrd_esg_soc__ill_health,2026,1,01/04/2026 20:57,,643,FALSE,FALSE,FALSE,FALSE,FALSE,639,643
20260114110500__mammoet__csrd_esg_soc__employee_characteristics,2026_01_dataContract__mammoet__csrd_esg_soc__employee_characteristics,dataContract__mammoet__csrd_esg_soc__employee_characteristics,2026,1,1/14/26 11:05,,1871,FALSE,FALSE,FALSE,FALSE,FALSE,1696,1871
20260109072100__mammoet__csrd_esg_soc__training_hours,2026_01_dataContract__mammoet__csrd_esg_soc__training_hours,dataContract__mammoet__csrd_esg_soc__training_hours,2026,1,01/09/2026 07:21,,4580,FALSE,FALSE,FALSE,TRUE,FALSE,382,4580
20260111090200__mammoet__csrd_esg_env__ghg_baseline,2026_01_dataContract__mammoet__csrd_esg_env__ghg_baseline,dataContract__mammoet__csrd_esg_env__ghg_baseline,2026,1,01/11/2026 09:02,01/11/2026 09:02,0,TRUE,FALSE,FALSE,FALSE,FALSE,0,
20260103091600__mammoet__csrd_esg_env__decarbonization,2026_01_dataContract__mammoet__csrd_esg_env__decarbonization,dataContract__mammoet__csrd_esg_env__decarbonization,2026,1,01/03/2026 09:16,,462,FALSE,FALSE,FALSE,FALSE,FALSE,424,462
20260120143200__mammoet__csrd_esg_env__capex_plan,2026_01_dataContract__mammoet__csrd_esg_env__capex_plan,dataContract__mammoet__csrd_esg_env__capex_plan,2026,1,,1/20/26 14:32,0,FALSE,FALSE,TRUE,FALSE,FALSE,0,
20260406125100__mammoet__csrd_esg_env__capex_plan,2026_04_dataContract__mammoet__csrd_esg_env__capex_plan,dataContract__mammoet__csrd_esg_env__capex_plan,2026,4,04/06/2026 12:51,,198,FALSE,FALSE,FALSE,FALSE,FALSE,197,198
20260102183200__mammoet__csrd_esg_env__sc2_ghg,2026_01_dataContract__mammoet__csrd_esg_env__sc2_ghg,dataContract__mammoet__csrd_esg_env__sc2_ghg,2026,1,01/02/2026 18:32,,4564,FALSE,FALSE,FALSE,FALSE,FALSE,4553,4564
20260405140600__mammoet__csrd_esg_env__sc2_ghg,2026_04_dataContract__mammoet__csrd_esg_env__sc2_ghg,dataContract__mammoet__csrd_esg_env__sc2_ghg,2026,4,04/05/2026 14:06,,3590,FALSE,FALSE,FALSE,FALSE,FALSE,3466,3590
20260108151900__mammoet__csrd_esg_env__capex_incurred,2026_01_dataContract__mammoet__csrd_esg_env__capex_incurred,dataContract__mammoet__csrd_esg_env__capex_incurred,2026,1,01/08/2026 15:19,,1812,FALSE,FALSE,FALSE,FALSE,FALSE,1808,1812
20260413184000__mammoet__csrd_esg_env__capex_incurred,2026_04_dataContract__mammoet__csrd_esg_env__capex_incurred,dataContract__mammoet__csrd_esg_env__capex_incurred,2026,4,4/13/26 18:40,,1194,FALSE,FALSE,FALSE,FALSE,FALSE,1122,1194
20260102090000__mammoet__csrd_esg_env__energy_consumption_sources,2026_01_dataContract__mammoet__csrd_esg_env__energy_consumption_sources,dataContract__mammoet__csrd_esg_env__energy_consumption_sources,2026,1,01/02/2026 09:00,,629,FALSE,FALSE,FALSE,FALSE,FALSE,605,629
20260408090300__mammoet__csrd_esg_env__energy_consumption_sources,2026_04_dataContract__mammoet__csrd_esg_env__energy_consumption_sources,dataContract__mammoet__csrd_esg_env__energy_consumption_sources,2026,4,04/08/2026 09:03,,742,FALSE,FALSE,FALSE,TRUE,FALSE,98,742
20260110171800__mammoet__csrd_esg_env__energy_consumption_subsources,2026_01_dataContract__mammoet__csrd_esg_env__energy_consumption_subsources,dataContract__mammoet__csrd_esg_env__energy_consumption_subsources,2026,1,01/10/2026 17:18,,4955,FALSE,FALSE,FALSE,FALSE,FALSE,4579,4955
20260409091000__mammoet__csrd_esg_env__energy_consumption_subsources,2026_04_dataContract__mammoet__csrd_esg_env__energy_consumption_subsources,dataContract__mammoet__csrd_esg_env__energy_consumption_subsources,2026,4,04/09/2026 09:10,,2253,FALSE,FALSE,FALSE,FALSE,FALSE,2128,2253
20260107152000__mammoet__csrd_esg_env__sc1_ghg,2026_01_dataContract__mammoet__csrd_esg_env__sc1_ghg,dataContract__mammoet__csrd_esg_env__sc1_ghg,2026,1,01/07/2026 15:20,,2052,FALSE,FALSE,FALSE,FALSE,FALSE,1853,2052
20260405121100__mammoet__csrd_esg_env__sc1_ghg,2026_04_dataContract__mammoet__csrd_esg_env__sc1_ghg,dataContract__mammoet__csrd_esg_env__sc1_ghg,2026,4,04/05/2026 12:11,,58,FALSE,FALSE,FALSE,TRUE,FALSE,3,58
20260106154100__mammoet__csrd_esg_env__opex_plan,2026_01_dataContract__mammoet__csrd_esg_env__opex_plan,dataContract__mammoet__csrd_esg_env__opex_plan,2026,1,01/06/2026 15:41,,1696,FALSE,FALSE,FALSE,FALSE,FALSE,1568,1696
20260403115200__mammoet__csrd_esg_env__opex_plan,2026_04_dataContract__mammoet__csrd_esg_env__opex_plan,dataContract__mammoet__csrd_esg_env__opex_plan,2026,4,04/03/2026 11:52,04/03/2026 11:52,0,TRUE,FALSE,FALSE,FALSE,FALSE,0,
20260403135200__mammoet__csrd_esg_env__opex_plan,2026_04_dataContract__mammoet__csrd_esg_env__opex_plan,dataContract__mammoet__csrd_esg_env__opex_plan,2026,4,04/03/2026 13:52,04/03/2026 13:52,0,TRUE,FALSE,FALSE,FALSE,FALSE,0,
20260403165200__mammoet__csrd_esg_env__opex_plan,2026_04_dataContract__mammoet__csrd_esg_env__opex_plan,dataContract__mammoet__csrd_esg_env__opex_plan,2026,4,04/03/2026 16:52,,785,FALSE,FALSE,FALSE,FALSE,FALSE,737,785
20260102111900__mammoet__csrd_esg_env__opex_incurred,2026_01_dataContract__mammoet__csrd_esg_env__opex_incurred,dataContract__mammoet__csrd_esg_env__opex_incurred,2026,1,01/02/2026 11:19,,1957,FALSE,FALSE,FALSE,FALSE,FALSE,1777,1957
20260422124600__mammoet__csrd_esg_env__opex_incurred,2026_04_dataContract__mammoet__csrd_esg_env__opex_incurred,dataContract__mammoet__csrd_esg_env__opex_incurred,2026,4,,4/22/26 12:46,0,FALSE,FALSE,TRUE,FALSE,FALSE,0,
20260413164100__mammoet__csrd_esg_env__sc3_ghg_categories,2026_04_dataContract__mammoet__csrd_esg_env__sc3_ghg_categories,dataContract__mammoet__csrd_esg_env__sc3_ghg_categories,2026,4,4/13/26 16:41,,1235,FALSE,FALSE,FALSE,FALSE,FALSE,1116,1235
20260110172700__mammoet__csrd_esg_env__energy_production,2026_01_dataContract__mammoet__csrd_esg_env__energy_production,dataContract__mammoet__csrd_esg_env__energy_production,2026,1,01/10/2026 17:27,,4191,FALSE,FALSE,FALSE,TRUE,FALSE,116,4191
20260410165300__mammoet__csrd_esg_env__energy_production,2026_04_dataContract__mammoet__csrd_esg_env__energy_production,dataContract__mammoet__csrd_esg_env__energy_production,2026,4,04/10/2026 16:53,,181,FALSE,FALSE,FALSE,FALSE,FALSE,177,181
20260113174400__mammoet__csrd_esg_env__ghg_targets,2026_01_dataContract__mammoet__csrd_esg_env__ghg_targets,dataContract__mammoet__csrd_esg_env__ghg_targets,2026,1,1/13/26 17:44,,1933,FALSE,FALSE,FALSE,FALSE,FALSE,1756,1933
20260412120600__mammoet__csrd_esg_env__ghg_targets,2026_04_dataContract__mammoet__csrd_esg_env__ghg_targets,dataContract__mammoet__csrd_esg_env__ghg_targets,2026,4,04/12/2026 12:06,,3135,FALSE,FALSE,FALSE,FALSE,FALSE,3083,3135
20260112074000__mammoet__csrd_esg_env__biogenic_emissions_co2,2026_01_dataContract__mammoet__csrd_esg_env__biogenic_emissions_co2,dataContract__mammoet__csrd_esg_env__biogenic_emissions_co2,2026,1,01/12/2026 07:40,,4403,FALSE,FALSE,FALSE,FALSE,FALSE,4262,4403
20260402145100__mammoet__csrd_esg_env__biogenic_emissions_co2,2026_04_dataContract__mammoet__csrd_esg_env__biogenic_emissions_co2,dataContract__mammoet__csrd_esg_env__biogenic_emissions_co2,2026,4,04/02/2026 14:51,,624,FALSE,FALSE,FALSE,FALSE,FALSE,608,624
20260110084200__mammoet__csrd_esg_env__energy_intensity,2026_01_dataContract__mammoet__csrd_esg_env__energy_intensity,dataContract__mammoet__csrd_esg_env__energy_intensity,2026,1,01/10/2026 08:42,,4358,FALSE,FALSE,FALSE,FALSE,FALSE,3950,4358
20260406085400__mammoet__csrd_esg_env__energy_intensity,2026_04_dataContract__mammoet__csrd_esg_env__energy_intensity,dataContract__mammoet__csrd_esg_env__energy_intensity,2026,4,04/06/2026 08:54,,2225,FALSE,FALSE,FALSE,FALSE,FALSE,2054,2225
20260105184100__mammoet__csrd_esg_env__sc1_ghg_ets,2026_01_dataContract__mammoet__csrd_esg_env__sc1_ghg_ets,dataContract__mammoet__csrd_esg_env__sc1_ghg_ets,2026,1,01/05/2026 18:41,01/05/2026 18:41,0,TRUE,FALSE,FALSE,FALSE,FALSE,0,
20260105204100__mammoet__csrd_esg_env__sc1_ghg_ets,2026_01_dataContract__mammoet__csrd_esg_env__sc1_ghg_ets,dataContract__mammoet__csrd_esg_env__sc1_ghg_ets,2026,1,01/05/2026 20:41,01/05/2026 20:41,0,TRUE,FALSE,FALSE,FALSE,FALSE,0,
20260105224100__mammoet__csrd_esg_env__sc1_ghg_ets,2026_01_dataContract__mammoet__csrd_esg_env__sc1_ghg_ets,dataContract__mammoet__csrd_esg_env__sc1_ghg_ets,2026,1,01/05/2026 22:41,01/05/2026 22:41,0,TRUE,FALSE,FALSE,FALSE,FALSE,0,
20260106014100__mammoet__csrd_esg_env__sc1_ghg_ets,2026_01_dataContract__mammoet__csrd_esg_env__sc1_ghg_ets,dataContract__mammoet__csrd_esg_env__sc1_ghg_ets,2026,1,01/06/2026 01:41,,3821,FALSE,FALSE,FALSE,FALSE,FALSE,3761,3821
20260412114900__mammoet__csrd_esg_env__sc1_ghg_ets,2026_04_dataContract__mammoet__csrd_esg_env__sc1_ghg_ets,dataContract__mammoet__csrd_esg_env__sc1_ghg_ets,2026,4,04/12/2026 11:49,,432,FALSE,FALSE,FALSE,FALSE,FALSE,415,432
20260103160900__mammoet__csrd_esg_env__capex_cog,2026_01_dataContract__mammoet__csrd_esg_env__capex_cog,dataContract__mammoet__csrd_esg_env__capex_cog,2026,1,01/03/2026 16:09,,2767,FALSE,FALSE,FALSE,FALSE,FALSE,2560,2767
20260406163600__mammoet__csrd_esg_env__capex_cog,2026_04_dataContract__mammoet__csrd_esg_env__capex_cog,dataContract__mammoet__csrd_esg_env__capex_cog,2026,4,04/06/2026 16:36,,1143,FALSE,FALSE,FALSE,FALSE,FALSE,1030,1143
20260106170600__mammoet__csrd_esg_env__ghg_reference_targets,2026_01_dataContract__mammoet__csrd_esg_env__ghg_reference_targets,dataContract__mammoet__csrd_esg_env__ghg_reference_targets,2026,1,01/06/2026 17:06,,1833,FALSE,FALSE,FALSE,FALSE,FALSE,1773,1833
20260410112900__mammoet__csrd_esg_env__ghg_reference_targets,2026_04_dataContract__mammoet__csrd_esg_env__ghg_reference_targets,dataContract__mammoet__csrd_esg_env__ghg_reference_targets,2026,4,04/10/2026 11:29,,3866,FALSE,FALSE,FALSE,FALSE,FALSE,3659,3866
20260110101900__mammoet__csrd_esg_env__sc2_contractual_instruments,2026_01_dataContract__mammoet__csrd_esg_env__sc2_contractual_instruments,dataContract__mammoet__csrd_esg_env__sc2_contractual_instruments,2026,1,01/10/2026 10:19,,753,FALSE,FALSE,FALSE,FALSE,FALSE,748,753
20260409085200__mammoet__csrd_esg_env__sc2_contractual_instruments,2026_04_dataContract__mammoet__csrd_esg_env__sc2_contractual_instruments,dataContract__mammoet__csrd_esg_env__sc2_contractual_instruments,2026,4,04/09/2026 08:52,,4200,FALSE,FALSE,FALSE,FALSE,FALSE,4186,4200
20260106131300__nutreco__csrd_esg_soc__injuries,2026_01_dataContract__nutreco__csrd_esg_soc__injuries,dataContract__nutreco__csrd_esg_soc__injuries,2026,1,01/06/2026 13:13,,1776,FALSE,FALSE,FALSE,FALSE,FALSE,1611,1776
20260213151600__nutreco__csrd_esg_soc__injuries,2026_02_dataContract__nutreco__csrd_esg_soc__injuries,dataContract__nutreco__csrd_esg_soc__injuries,2026,2,2/13/26 15:16,,2995,FALSE,FALSE,FALSE,FALSE,FALSE,2735,2995
20260310115600__nutreco__csrd_esg_soc__injuries,2026_03_dataContract__nutreco__csrd_esg_soc__injuries,dataContract__nutreco__csrd_esg_soc__injuries,2026,3,03/10/2026 11:56,03/10/2026 11:56,0,TRUE,FALSE,FALSE,FALSE,FALSE,0,
20260310135600__nutreco__csrd_esg_soc__injuries,2026_03_dataContract__nutreco__csrd_esg_soc__injuries,dataContract__nutreco__csrd_esg_soc__injuries,2026,3,03/10/2026 13:56,03/10/2026 13:56,0,TRUE,FALSE,FALSE,FALSE,FALSE,0,
20260310155600__nutreco__csrd_esg_soc__injuries,2026_03_dataContract__nutreco__csrd_esg_soc__injuries,dataContract__nutreco__csrd_esg_soc__injuries,2026,3,03/10/2026 15:56,03/10/2026 15:56,0,TRUE,FALSE,FALSE,FALSE,FALSE,0,
20260310185600__nutreco__csrd_esg_soc__injuries,2026_03_dataContract__nutreco__csrd_esg_soc__injuries,dataContract__nutreco__csrd_esg_soc__injuries,2026,3,03/10/2026 18:56,,973,FALSE,FALSE,FALSE,FALSE,FALSE,898,973
20260409130100__nutreco__csrd_esg_soc__injuries,2026_04_dataContract__nutreco__csrd_esg_soc__injuries,dataContract__nutreco__csrd_esg_soc__injuries,2026,4,04/09/2026 13:01,04/09/2026 13:01,0,TRUE,FALSE,FALSE,FALSE,FALSE,0,
20260509172800__nutreco__csrd_esg_soc__injuries,2026_05_dataContract__nutreco__csrd_esg_soc__injuries,dataContract__nutreco__csrd_esg_soc__injuries,2026,5,05/09/2026 17:28,,3371,FALSE,FALSE,FALSE,FALSE,FALSE,3135,3371
20260107132000__nutreco__csrd_esg_soc__psif,2026_01_dataContract__nutreco__csrd_esg_soc__psif,dataContract__nutreco__csrd_esg_soc__psif,2026,1,01/07/2026 13:20,,1040,FALSE,FALSE,FALSE,FALSE,FALSE,1023,1040
20260214125300__nutreco__csrd_esg_soc__psif,2026_02_dataContract__nutreco__csrd_esg_soc__psif,dataContract__nutreco__csrd_esg_soc__psif,2026,2,2/14/26 12:53,,3312,FALSE,FALSE,FALSE,FALSE,FALSE,3020,3312
20260313075700__nutreco__csrd_esg_soc__psif,2026_03_dataContract__nutreco__csrd_esg_soc__psif,dataContract__nutreco__csrd_esg_soc__psif,2026,3,3/13/26 7:57,3/13/26 7:57,0,TRUE,FALSE,FALSE,FALSE,FALSE,0,
20260403132400__nutreco__csrd_esg_soc__psif,2026_04_dataContract__nutreco__csrd_esg_soc__psif,dataContract__nutreco__csrd_esg_soc__psif,2026,4,04/03/2026 13:24,,4876,FALSE,FALSE,FALSE,FALSE,FALSE,4425,4876
20260514115400__nutreco__csrd_esg_soc__psif,2026_05_dataContract__nutreco__csrd_esg_soc__psif,dataContract__nutreco__csrd_esg_soc__psif,2026,5,5/14/26 11:54,5/14/26 11:54,0,TRUE,FALSE,FALSE,FALSE,FALSE,0,
20260102171800__nutreco__csrd_esg_soc__health_safety,2026_01_dataContract__nutreco__csrd_esg_soc__health_safety,dataContract__nutreco__csrd_esg_soc__health_safety,2026,1,01/02/2026 17:18,,1269,FALSE,FALSE,FALSE,FALSE,FALSE,1173,1269
20260210121200__nutreco__csrd_esg_soc__health_safety,2026_02_dataContract__nutreco__csrd_esg_soc__health_safety,dataContract__nutreco__csrd_esg_soc__health_safety,2026,2,02/10/2026 12:12,,3108,FALSE,FALSE,FALSE,FALSE,FALSE,3041,3108
20260302172500__nutreco__csrd_esg_soc__health_safety,2026_03_dataContract__nutreco__csrd_esg_soc__health_safety,dataContract__nutreco__csrd_esg_soc__health_safety,2026,3,03/02/2026 17:25,,4589,FALSE,FALSE,FALSE,FALSE,FALSE,4382,4589
20260402182600__nutreco__csrd_esg_soc__health_safety,2026_04_dataContract__nutreco__csrd_esg_soc__health_safety,dataContract__nutreco__csrd_esg_soc__health_safety,2026,4,04/02/2026 18:26,,3743,FALSE,FALSE,FALSE,FALSE,FALSE,3598,3743
20260506140300__nutreco__csrd_esg_soc__health_safety,2026_05_dataContract__nutreco__csrd_esg_soc__health_safety,dataContract__nutreco__csrd_esg_soc__health_safety,2026,5,05/06/2026 14:03,,4556,FALSE,FALSE,FALSE,FALSE,FALSE,4158,4556
20260107111900__nutreco__csrd_esg_env__trcf_targets,2026_01_dataContract__nutreco__csrd_esg_env__trcf_targets,dataContract__nutreco__csrd_esg_env__trcf_targets,2026,1,01/07/2026 11:19,,2145,FALSE,FALSE,FALSE,FALSE,FALSE,2089,2145
20260112101900__nutreco__csrd_esg_soc__performance_reviews,2026_01_dataContract__nutreco__csrd_esg_soc__performance_reviews,dataContract__nutreco__csrd_esg_soc__performance_reviews,2026,1,01/12/2026 10:19,,4008,FALSE,FALSE,FALSE,FALSE,FALSE,3830,4008
20260104171000__nutreco__csrd_esg_soc__days_lost_injuries,2026_01_dataContract__nutreco__csrd_esg_soc__days_lost_injuries,dataContract__nutreco__csrd_esg_soc__days_lost_injuries,2026,1,01/04/2026 17:10,,665,FALSE,FALSE,FALSE,FALSE,FALSE,612,665
20260109151400__nutreco__csrd_esg_soc__ill_health,2026_01_dataContract__nutreco__csrd_esg_soc__ill_health,dataContract__nutreco__csrd_esg_soc__ill_health,2026,1,01/09/2026 15:14,01/09/2026 15:14,0,TRUE,FALSE,FALSE,FALSE,FALSE,0,
20260114142700__nutreco__csrd_esg_soc__employee_characteristics,2026_01_dataContract__nutreco__csrd_esg_soc__employee_characteristics,dataContract__nutreco__csrd_esg_soc__employee_characteristics,2026,1,1/14/26 14:27,1/14/26 14:27,0,TRUE,FALSE,FALSE,FALSE,FALSE,0,
20260105081100__nutreco__csrd_esg_soc__training_hours,2026_01_dataContract__nutreco__csrd_esg_soc__training_hours,dataContract__nutreco__csrd_esg_soc__training_hours,2026,1,01/05/2026 08:11,,2851,FALSE,FALSE,FALSE,FALSE,FALSE,2724,2851
20260107115100__nutreco__csrd_esg_env__ghg_baseline,2026_01_dataContract__nutreco__csrd_esg_env__ghg_baseline,dataContract__nutreco__csrd_esg_env__ghg_baseline,2026,1,01/07/2026 11:51,,4716,FALSE,FALSE,FALSE,FALSE,FALSE,4339,4716
20260108132600__nutreco__csrd_esg_env__decarbonization,2026_01_dataContract__nutreco__csrd_esg_env__decarbonization,dataContract__nutreco__csrd_esg_env__decarbonization,2026,1,01/08/2026 13:26,,4343,FALSE,FALSE,FALSE,FALSE,FALSE,3999,4343
20260114073100__nutreco__csrd_esg_env__capex_plan,2026_01_dataContract__nutreco__csrd_esg_env__capex_plan,dataContract__nutreco__csrd_esg_env__capex_plan,2026,1,1/14/26 7:31,,2323,FALSE,FALSE,FALSE,FALSE,FALSE,2224,2323
20260412153300__nutreco__csrd_esg_env__capex_plan,2026_04_dataContract__nutreco__csrd_esg_env__capex_plan,dataContract__nutreco__csrd_esg_env__capex_plan,2026,4,04/12/2026 15:33,,1819,FALSE,FALSE,FALSE,FALSE,FALSE,1653,1819
20260108134100__nutreco__csrd_esg_env__sc2_ghg,2026_01_dataContract__nutreco__csrd_esg_env__sc2_ghg,dataContract__nutreco__csrd_esg_env__sc2_ghg,2026,1,01/08/2026 13:41,01/08/2026 13:41,0,TRUE,FALSE,FALSE,FALSE,FALSE,0,
20260406070800__nutreco__csrd_esg_env__sc2_ghg,2026_04_dataContract__nutreco__csrd_esg_env__sc2_ghg,dataContract__nutreco__csrd_esg_env__sc2_ghg,2026,4,04/06/2026 07:08,,314,FALSE,FALSE,FALSE,FALSE,FALSE,295,314
20260114143700__nutreco__csrd_esg_env__capex_incurred,2026_01_dataContract__nutreco__csrd_esg_env__capex_incurred,dataContract__nutreco__csrd_esg_env__capex_incurred,2026,1,1/14/26 14:37,1/14/26 14:37,0,TRUE,FALSE,FALSE,FALSE,FALSE,0,
20260114163700__nutreco__csrd_esg_env__capex_incurred,2026_01_dataContract__nutreco__csrd_esg_env__capex_incurred,dataContract__nutreco__csrd_esg_env__capex_incurred,2026,1,1/14/26 16:37,1/14/26 16:37,0,TRUE,FALSE,FALSE,FALSE,FALSE,0,
20260114193700__nutreco__csrd_esg_env__capex_incurred,2026_01_dataContract__nutreco__csrd_esg_env__capex_incurred,dataContract__nutreco__csrd_esg_env__capex_incurred,2026,1,1/14/26 19:37,,4062,FALSE,FALSE,FALSE,FALSE,FALSE,3685,4062
20260417100900__nutreco__csrd_esg_env__capex_incurred,2026_04_dataContract__nutreco__csrd_esg_env__capex_incurred,dataContract__nutreco__csrd_esg_env__capex_incurred,2026,4,,4/17/26 10:09,0,FALSE,FALSE,TRUE,FALSE,FALSE,0,
20260112085200__nutreco__csrd_esg_env__energy_consumption_sources,2026_01_dataContract__nutreco__csrd_esg_env__energy_consumption_sources,dataContract__nutreco__csrd_esg_env__energy_consumption_sources,2026,1,01/12/2026 08:52,,3796,FALSE,FALSE,FALSE,FALSE,FALSE,3448,3796
20260402091400__nutreco__csrd_esg_env__energy_consumption_sources,2026_04_dataContract__nutreco__csrd_esg_env__energy_consumption_sources,dataContract__nutreco__csrd_esg_env__energy_consumption_sources,2026,4,04/02/2026 09:14,04/02/2026 09:14,0,TRUE,FALSE,FALSE,FALSE,FALSE,0,
20260402111400__nutreco__csrd_esg_env__energy_consumption_sources,2026_04_dataContract__nutreco__csrd_esg_env__energy_consumption_sources,dataContract__nutreco__csrd_esg_env__energy_consumption_sources,2026,4,04/02/2026 11:14,04/02/2026 11:14,0,TRUE,FALSE,FALSE,FALSE,FALSE,0,
20260402141400__nutreco__csrd_esg_env__energy_consumption_sources,2026_04_dataContract__nutreco__csrd_esg_env__energy_consumption_sources,dataContract__nutreco__csrd_esg_env__energy_consumption_sources,2026,4,04/02/2026 14:14,,4714,FALSE,FALSE,FALSE,FALSE,FALSE,4546,4714
20260104171600__nutreco__csrd_esg_env__energy_consumption_subsources,2026_01_dataContract__nutreco__csrd_esg_env__energy_consumption_subsources,dataContract__nutreco__csrd_esg_env__energy_consumption_subsources,2026,1,01/04/2026 17:16,,4377,FALSE,FALSE,FALSE,FALSE,FALSE,4217,4377
20260403080400__nutreco__csrd_esg_env__energy_consumption_subsources,2026_04_dataContract__nutreco__csrd_esg_env__energy_consumption_subsources,dataContract__nutreco__csrd_esg_env__energy_consumption_subsources,2026,4,04/03/2026 08:04,,2510,FALSE,FALSE,FALSE,FALSE,FALSE,2390,2510
20260108111400__nutreco__csrd_esg_env__sc1_ghg,2026_01_dataContract__nutreco__csrd_esg_env__sc1_ghg,dataContract__nutreco__csrd_esg_env__sc1_ghg,2026,1,01/08/2026 11:14,,4973,FALSE,FALSE,FALSE,FALSE,FALSE,4476,4973
20260409112000__nutreco__csrd_esg_env__sc1_ghg,2026_04_dataContract__nutreco__csrd_esg_env__sc1_ghg,dataContract__nutreco__csrd_esg_env__sc1_ghg,2026,4,04/09/2026 11:20,,2035,FALSE,FALSE,FALSE,FALSE,FALSE,1928,2035
20260105072600__nutreco__csrd_esg_env__opex_plan,2026_01_dataContract__nutreco__csrd_esg_env__opex_plan,dataContract__nutreco__csrd_esg_env__opex_plan,2026,1,01/05/2026 07:26,,2568,FALSE,FALSE,FALSE,FALSE,FALSE,2325,2568
20260412172600__nutreco__csrd_esg_env__opex_plan,2026_04_dataContract__nutreco__csrd_esg_env__opex_plan,dataContract__nutreco__csrd_esg_env__opex_plan,2026,4,04/12/2026 17:26,,714,FALSE,FALSE,FALSE,FALSE,FALSE,660,714
20260107103100__nutreco__csrd_esg_env__opex_incurred,2026_01_dataContract__nutreco__csrd_esg_env__opex_incurred,dataContract__nutreco__csrd_esg_env__opex_incurred,2026,1,01/07/2026 10:31,,329,FALSE,FALSE,FALSE,FALSE,FALSE,318,329
20260407172500__nutreco__csrd_esg_env__opex_incurred,2026_04_dataContract__nutreco__csrd_esg_env__opex_incurred,dataContract__nutreco__csrd_esg_env__opex_incurred,2026,4,04/07/2026 17:25,,1672,FALSE,FALSE,FALSE,FALSE,FALSE,1505,1672
20260110081300__nutreco__csrd_esg_env__sc3_ghg_categories,2026_01_dataContract__nutreco__csrd_esg_env__sc3_ghg_categories,dataContract__nutreco__csrd_esg_env__sc3_ghg_categories,2026,1,01/10/2026 08:13,,4110,FALSE,FALSE,FALSE,FALSE,FALSE,4097,4110
20260405102900__nutreco__csrd_esg_env__sc3_ghg_categories,2026_04_dataContract__nutreco__csrd_esg_env__sc3_ghg_categories,dataContract__nutreco__csrd_esg_env__sc3_ghg_categories,2026,4,04/05/2026 10:29,,1864,FALSE,FALSE,FALSE,FALSE,FALSE,1727,1864
20260103163100__nutreco__csrd_esg_env__energy_production,2026_01_dataContract__nutreco__csrd_esg_env__energy_production,dataContract__nutreco__csrd_esg_env__energy_production,2026,1,01/03/2026 16:31,,1584,FALSE,FALSE,FALSE,TRUE,FALSE,284,1584
20260412073800__nutreco__csrd_esg_env__energy_production,2026_04_dataContract__nutreco__csrd_esg_env__energy_production,dataContract__nutreco__csrd_esg_env__energy_production,2026,4,04/12/2026 07:38,,1249,FALSE,FALSE,FALSE,FALSE,FALSE,1239,1249
20260102160900__nutreco__csrd_esg_env__ghg_targets,2026_01_dataContract__nutreco__csrd_esg_env__ghg_targets,dataContract__nutreco__csrd_esg_env__ghg_targets,2026,1,01/02/2026 16:09,,3452,FALSE,FALSE,FALSE,FALSE,FALSE,3124,3452
20260408145700__nutreco__csrd_esg_env__ghg_targets,2026_04_dataContract__nutreco__csrd_esg_env__ghg_targets,dataContract__nutreco__csrd_esg_env__ghg_targets,2026,4,04/08/2026 14:57,,2623,FALSE,FALSE,FALSE,FALSE,FALSE,2552,2623
20260423071900__nutreco__csrd_esg_env__biogenic_emissions_co2,2026_04_dataContract__nutreco__csrd_esg_env__biogenic_emissions_co2,dataContract__nutreco__csrd_esg_env__biogenic_emissions_co2,2026,4,,4/23/26 7:19,0,FALSE,FALSE,TRUE,FALSE,FALSE,0,
20260108122100__nutreco__csrd_esg_env__energy_intensity,2026_01_dataContract__nutreco__csrd_esg_env__energy_intensity,dataContract__nutreco__csrd_esg_env__energy_intensity,2026,1,01/08/2026 12:21,,3674,FALSE,FALSE,FALSE,FALSE,FALSE,3368,3674
20260406082200__nutreco__csrd_esg_env__energy_intensity,2026_04_dataContract__nutreco__csrd_esg_env__energy_intensity,dataContract__nutreco__csrd_esg_env__energy_intensity,2026,4,04/06/2026 08:22,,3492,FALSE,FALSE,FALSE,FALSE,FALSE,3476,3492
20260114102400__nutreco__csrd_esg_env__sc1_ghg_ets,2026_01_dataContract__nutreco__csrd_esg_env__sc1_ghg_ets,dataContract__nutreco__csrd_esg_env__sc1_ghg_ets,2026,1,1/14/26 10:24,,2971,FALSE,FALSE,FALSE,FALSE,FALSE,2902,2971
20260414130500__nutreco__csrd_esg_env__sc1_ghg_ets,2026_04_dataContract__nutreco__csrd_esg_env__sc1_ghg_ets,dataContract__nutreco__csrd_esg_env__sc1_ghg_ets,2026,4,4/14/26 13:05,,453,FALSE,FALSE,FALSE,FALSE,FALSE,439,453
20260110141200__nutreco__csrd_esg_env__capex_cog,2026_01_dataContract__nutreco__csrd_esg_env__capex_cog,dataContract__nutreco__csrd_esg_env__capex_cog,2026,1,01/10/2026 14:12,,2698,FALSE,FALSE,FALSE,FALSE,FALSE,2526,2698
20260402172600__nutreco__csrd_esg_env__capex_cog,2026_04_dataContract__nutreco__csrd_esg_env__capex_cog,dataContract__nutreco__csrd_esg_env__capex_cog,2026,4,04/02/2026 17:26,04/02/2026 17:26,0,TRUE,FALSE,FALSE,FALSE,FALSE,0,
20260114130200__nutreco__csrd_esg_env__ghg_reference_targets,2026_01_dataContract__nutreco__csrd_esg_env__ghg_reference_targets,dataContract__nutreco__csrd_esg_env__ghg_reference_targets,2026,1,1/14/26 13:02,1/14/26 13:02,0,TRUE,FALSE,FALSE,FALSE,FALSE,0,
20260114150200__nutreco__csrd_esg_env__ghg_reference_targets,2026_01_dataContract__nutreco__csrd_esg_env__ghg_reference_targets,dataContract__nutreco__csrd_esg_env__ghg_reference_targets,2026,1,1/14/26 15:02,1/14/26 15:02,0,TRUE,FALSE,FALSE,FALSE,FALSE,0,
20260114180200__nutreco__csrd_esg_env__ghg_reference_targets,2026_01_dataContract__nutreco__csrd_esg_env__ghg_reference_targets,dataContract__nutreco__csrd_esg_env__ghg_reference_targets,2026,1,1/14/26 18:02,,3126,FALSE,FALSE,FALSE,FALSE,FALSE,2958,3126
20260402111200__nutreco__csrd_esg_env__ghg_reference_targets,2026_04_dataContract__nutreco__csrd_esg_env__ghg_reference_targets,dataContract__nutreco__csrd_esg_env__ghg_reference_targets,2026,4,04/02/2026 11:12,04/02/2026 11:12,0,TRUE,FALSE,FALSE,FALSE,FALSE,0,
20260402131200__nutreco__csrd_esg_env__ghg_reference_targets,2026_04_dataContract__nutreco__csrd_esg_env__ghg_reference_targets,dataContract__nutreco__csrd_esg_env__ghg_reference_targets,2026,4,04/02/2026 13:12,04/02/2026 13:12,0,TRUE,FALSE,FALSE,FALSE,FALSE,0,
20260402151200__nutreco__csrd_esg_env__ghg_reference_targets,2026_04_dataContract__nutreco__csrd_esg_env__ghg_reference_targets,dataContract__nutreco__csrd_esg_env__ghg_reference_targets,2026,4,04/02/2026 15:12,04/02/2026 15:12,0,TRUE,FALSE,FALSE,FALSE,FALSE,0,
20260402181200__nutreco__csrd_esg_env__ghg_reference_targets,2026_04_dataContract__nutreco__csrd_esg_env__ghg_reference_targets,dataContract__nutreco__csrd_esg_env__ghg_reference_targets,2026,4,04/02/2026 18:12,,564,FALSE,FALSE,FALSE,FALSE,FALSE,528,564
20260111071600__nutreco__csrd_esg_env__sc2_contractual_instruments,2026_01_dataContract__nutreco__csrd_esg_env__sc2_contractual_instruments,dataContract__nutreco__csrd_esg_env__sc2_contractual_instruments,2026,1,01/11/2026 07:16,,2642,FALSE,FALSE,FALSE,FALSE,FALSE,2621,2642
20260413165800__nutreco__csrd_esg_env__sc2_contractual_instruments,2026_04_dataContract__nutreco__csrd_esg_env__sc2_contractual_instruments,dataContract__nutreco__csrd_esg_env__sc2_contractual_instruments,2026,4,4/13/26 16:58,,585,FALSE,FALSE,FALSE,FALSE,FALSE,527,585
20260314135000__shvenergy__csrd_esg_soc__injuries,2026_03_dataContract__shvenergy__csrd_esg_soc__injuries,dataContract__shvenergy__csrd_esg_soc__injuries,2026,3,3/14/26 13:50,,2106,FALSE,FALSE,FALSE,TRUE,FALSE,384,2106
20260404141100__shvenergy__csrd_esg_soc__injuries,2026_04_dataContract__shvenergy__csrd_esg_soc__injuries,dataContract__shvenergy__csrd_esg_soc__injuries,2026,4,04/04/2026 14:11,,121,FALSE,FALSE,FALSE,FALSE,FALSE,118,121
20260513093800__shvenergy__csrd_esg_soc__injuries,2026_05_dataContract__shvenergy__csrd_esg_soc__injuries,dataContract__shvenergy__csrd_esg_soc__injuries,2026,5,5/13/26 9:38,,1984,FALSE,FALSE,FALSE,FALSE,FALSE,1850,1984
20260303151200__shvenergy__csrd_esg_soc__psif,2026_03_dataContract__shvenergy__csrd_esg_soc__psif,dataContract__shvenergy__csrd_esg_soc__psif,2026,3,03/03/2026 15:12,,3258,FALSE,FALSE,FALSE,FALSE,FALSE,3177,3258
20260403081600__shvenergy__csrd_esg_soc__health_safety,2026_04_dataContract__shvenergy__csrd_esg_soc__health_safety,dataContract__shvenergy__csrd_esg_soc__health_safety,2026,4,04/03/2026 08:16,,738,FALSE,FALSE,FALSE,TRUE,FALSE,30,738
20260109091400__shvenergy__csrd_esg_env__trcf_targets,2026_01_dataContract__shvenergy__csrd_esg_env__trcf_targets,dataContract__shvenergy__csrd_esg_env__trcf_targets,2026,1,01/09/2026 09:14,,1138,FALSE,FALSE,FALSE,TRUE,FALSE,94,1138
20260114174800__shvenergy__csrd_esg_soc__days_lost_injuries,2026_01_dataContract__shvenergy__csrd_esg_soc__days_lost_injuries,dataContract__shvenergy__csrd_esg_soc__days_lost_injuries,2026,1,1/14/26 17:48,,1042,FALSE,FALSE,FALSE,FALSE,FALSE,1019,1042
20260105120400__shvenergy__csrd_esg_env__capex_incurred,2026_01_dataContract__shvenergy__csrd_esg_env__capex_incurred,dataContract__shvenergy__csrd_esg_env__capex_incurred,2026,1,01/05/2026 12:04,,3294,FALSE,FALSE,FALSE,TRUE,FALSE,165,3294
20260105145800__shvenergy__csrd_esg_env__opex_plan,2026_01_dataContract__shvenergy__csrd_esg_env__opex_plan,dataContract__shvenergy__csrd_esg_env__opex_plan,2026,1,01/05/2026 14:58,,3112,FALSE,FALSE,FALSE,FALSE,FALSE,2813,3112
20260111105900__shvenergy__csrd_esg_env__sc3_ghg_categories,2026_01_dataContract__shvenergy__csrd_esg_env__sc3_ghg_categories,dataContract__shvenergy__csrd_esg_env__sc3_ghg_categories,2026,1,01/11/2026 10:59,,665,FALSE,FALSE,FALSE,TRUE,FALSE,49,665
20260409161600__shvenergy__csrd_esg_env__sc3_ghg_categories,2026_04_dataContract__shvenergy__csrd_esg_env__sc3_ghg_categories,dataContract__shvenergy__csrd_esg_env__sc3_ghg_categories,2026,4,04/09/2026 16:16,,101,FALSE,FALSE,FALSE,FALSE,FALSE,91,101
20260110140400__shv__csrd_ref__dim_country,2026_01_dataContract__shv__csrd_ref__dim_country,dataContract__shv__csrd_ref__dim_country,2026,1,01/10/2026 14:04,01/10/2026 14:04,0,TRUE,FALSE,FALSE,FALSE,FALSE,0,
20260110160400__shv__csrd_ref__dim_country,2026_01_dataContract__shv__csrd_ref__dim_country,dataContract__shv__csrd_ref__dim_country,2026,1,01/10/2026 16:04,01/10/2026 16:04,0,TRUE,FALSE,FALSE,FALSE,FALSE,0,
20260110190400__shv__csrd_ref__dim_country,2026_01_dataContract__shv__csrd_ref__dim_country,dataContract__shv__csrd_ref__dim_country,2026,1,01/10/2026 19:04,,3393,FALSE,FALSE,FALSE,FALSE,FALSE,3323,3393
20260104173400__shv__csrd_ref__dim_group,2026_01_dataContract__shv__csrd_ref__dim_group,dataContract__shv__csrd_ref__dim_group,2026,1,01/04/2026 17:34,,796,FALSE,FALSE,FALSE,FALSE,FALSE,768,796
20260106131800__shv__csrd_ref__dim_workforce_category,2026_01_dataContract__shv__csrd_ref__dim_workforce_category,dataContract__shv__csrd_ref__dim_workforce_category,2026,1,01/06/2026 13:18,,2569,FALSE,FALSE,FALSE,FALSE,FALSE,2419,2569
20260113165600__shv__csrd_ref__dim_injury_type,2026_01_dataContract__shv__csrd_ref__dim_injury_type,dataContract__shv__csrd_ref__dim_injury_type,2026,1,1/13/26 16:56,,2976,FALSE,FALSE,FALSE,FALSE,FALSE,2801,2976
20260114124100__shv__csrd_ref__dim_life_saving_rules,2026_01_dataContract__shv__csrd_ref__dim_life_saving_rules,dataContract__shv__csrd_ref__dim_life_saving_rules,2026,1,1/14/26 12:41,,1665,FALSE,FALSE,FALSE,FALSE,FALSE,1563,1665
20260102135700__shv__csrd_ref__dim_severe_injury_fatality,2026_01_dataContract__shv__csrd_ref__dim_severe_injury_fatality,dataContract__shv__csrd_ref__dim_severe_injury_fatality,2026,1,01/02/2026 13:57,,1332,FALSE,FALSE,FALSE,FALSE,FALSE,1255,1332
20260108165600__shv__csrd_ref__dim_site,2026_01_dataContract__shv__csrd_ref__dim_site,dataContract__shv__csrd_ref__dim_site,2026,1,01/08/2026 16:56,01/08/2026 16:56,0,TRUE,FALSE,FALSE,FALSE,FALSE,0,
20260108185600__shv__csrd_ref__dim_site,2026_01_dataContract__shv__csrd_ref__dim_site,dataContract__shv__csrd_ref__dim_site,2026,1,01/08/2026 18:56,01/08/2026 18:56,0,TRUE,FALSE,FALSE,FALSE,FALSE,0,
20260108205600__shv__csrd_ref__dim_site,2026_01_dataContract__shv__csrd_ref__dim_site,dataContract__shv__csrd_ref__dim_site,2026,1,01/08/2026 20:56,01/08/2026 20:56,0,TRUE,FALSE,FALSE,FALSE,FALSE,0,
20260108235600__shv__csrd_ref__dim_site,2026_01_dataContract__shv__csrd_ref__dim_site,dataContract__shv__csrd_ref__dim_site,2026,1,01/08/2026 23:56,,3037,FALSE,FALSE,FALSE,FALSE,FALSE,2968,3037
20260102150900__shv__csrd_ref__summary_notes,2026_01_dataContract__shv__csrd_ref__summary_notes,dataContract__shv__csrd_ref__summary_notes,2026,1,01/02/2026 15:09,,3299,FALSE,FALSE,FALSE,FALSE,FALSE,2998,3299
20260107183200__shv__csrd_ref__dim_sc2_type,2026_01_dataContract__shv__csrd_ref__dim_sc2_type,dataContract__shv__csrd_ref__dim_sc2_type,2026,1,01/07/2026 18:32,,1456,FALSE,FALSE,FALSE,FALSE,FALSE,1331,1456
20260110095900__shv__csrd_ref__dim_sc3_category,2026_01_dataContract__shv__csrd_ref__dim_sc3_category,dataContract__shv__csrd_ref__dim_sc3_category,2026,1,01/10/2026 09:59,,599,FALSE,FALSE,FALSE,FALSE,FALSE,545,599
20260114101900__shv__csrd_ref__dim_energy_production,2026_01_dataContract__shv__csrd_ref__dim_energy_production,dataContract__shv__csrd_ref__dim_energy_production,2026,1,1/14/26 10:19,,1087,FALSE,FALSE,FALSE,FALSE,FALSE,1069,1087
20260109120300__shv__csrd_ref__dim_scope,2026_01_dataContract__shv__csrd_ref__dim_scope,dataContract__shv__csrd_ref__dim_scope,2026,1,01/09/2026 12:03,,3227,FALSE,FALSE,FALSE,FALSE,FALSE,2932,3227
20260113094000__shv__csrd_ref__dim_fin_op_control,2026_01_dataContract__shv__csrd_ref__dim_fin_op_control,dataContract__shv__csrd_ref__dim_fin_op_control,2026,1,1/13/26 9:40,,1869,FALSE,FALSE,FALSE,FALSE,FALSE,1798,1869
20260105141100__shv__csrd_ref__dim_energy_source,2026_01_dataContract__shv__csrd_ref__dim_energy_source,dataContract__shv__csrd_ref__dim_energy_source,2026,1,01/05/2026 14:11,,4681,FALSE,FALSE,FALSE,FALSE,FALSE,4315,4681
20260110092400__shv__csrd_ref__dim_decarbonization_taxonomy,2026_01_dataContract__shv__csrd_ref__dim_decarbonization_taxonomy,dataContract__shv__csrd_ref__dim_decarbonization_taxonomy,2026,1,01/10/2026 09:24,,2992,FALSE,FALSE,FALSE,FALSE,FALSE,2729,2992
20260113100200__shv__csrd_ref__dim_reporting_entity,2026_01_dataContract__shv__csrd_ref__dim_reporting_entity,dataContract__shv__csrd_ref__dim_reporting_entity,2026,1,1/13/26 10:02,,4656,FALSE,FALSE,FALSE,FALSE,FALSE,4582,4656
20260112120700__shv__csrd_ref__dim_energy_subsource,2026_01_dataContract__shv__csrd_ref__dim_energy_subsource,dataContract__shv__csrd_ref__dim_energy_subsource,2026,1,01/12/2026 12:07,,3243,FALSE,FALSE,FALSE,FALSE,FALSE,3113,3243
20260112114100__shv__csrd_ref__dim_contract,2026_01_dataContract__shv__csrd_ref__dim_contract,dataContract__shv__csrd_ref__dim_contract,2026,1,01/12/2026 11:41,,3491,FALSE,FALSE,FALSE,FALSE,FALSE,3249,3491
20260108172300__shv__csrd_ref__dim_gender,2026_01_dataContract__shv__csrd_ref__dim_gender,dataContract__shv__csrd_ref__dim_gender,2026,1,01/08/2026 17:23,,3710,FALSE,FALSE,FALSE,FALSE,FALSE,3525,3710
20260102163100__shv__csrd_ref__dim_sc2_instrument,2026_01_dataContract__shv__csrd_ref__dim_sc2_instrument,dataContract__shv__csrd_ref__dim_sc2_instrument,2026,1,01/02/2026 16:31,,3861,FALSE,FALSE,FALSE,FALSE,FALSE,3565,3861
20260114145300__shv__csrd_ref__dim_biogenic_source,2026_01_dataContract__shv__csrd_ref__dim_biogenic_source,dataContract__shv__csrd_ref__dim_biogenic_source,2026,1,1/14/26 14:53,1/14/26 14:53,0,TRUE,FALSE,FALSE,FALSE,FALSE,0,
20260114165300__shv__csrd_ref__dim_biogenic_source,2026_01_dataContract__shv__csrd_ref__dim_biogenic_source,dataContract__shv__csrd_ref__dim_biogenic_source,2026,1,1/14/26 16:53,1/14/26 16:53,0,TRUE,FALSE,FALSE,FALSE,FALSE,0,
20260114185300__shv__csrd_ref__dim_biogenic_source,2026_01_dataContract__shv__csrd_ref__dim_biogenic_source,dataContract__shv__csrd_ref__dim_biogenic_source,2026,1,1/14/26 18:53,1/14/26 18:53,0,TRUE,FALSE,FALSE,FALSE,FALSE,0,
20260114215300__shv__csrd_ref__dim_biogenic_source,2026_01_dataContract__shv__csrd_ref__dim_biogenic_source,dataContract__shv__csrd_ref__dim_biogenic_source,2026,1,1/14/26 21:53,,1521,FALSE,FALSE,FALSE,FALSE,FALSE,1429,1521
20260107132300__shv__csrd_ref__dim_age_group,2026_01_dataContract__shv__csrd_ref__dim_age_group,dataContract__shv__csrd_ref__dim_age_group,2026,1,01/07/2026 13:23,,801,FALSE,FALSE,FALSE,FALSE,FALSE,785,801
20260112070200__shv__csrd_ref__dim_cog,2026_01_dataContract__shv__csrd_ref__dim_cog,dataContract__shv__csrd_ref__dim_cog,2026,1,01/12/2026 07:02,,1117,FALSE,FALSE,FALSE,FALSE,FALSE,1014,1117
